Cell_line,KRAS_mut,NRAS_mut,EGFR_amp,ERBB2_amp,FOXP3_del,Afatinib
22RV1_PROSTATE,0.0,0.0,0.0,0.0,0.0,0.9582835466666667
A204_SOFT_TISSUE,0.0,0.0,0.0,0.0,0.0,0.879764945
A253_SALIVARY_GLAND,0.0,0.0,0.0,0.0,1.0,0.9422412499999999
A427_LUNG,1.0,0.0,0.0,0.0,0.0,0.98508591
A431_SKIN,0.0,0.0,1.0,0.0,0.0,0.8864630499999999
A4FUK_HAEMATOPOIETIC_AND_LYMPHOID_TISSUE,0.0,0.0,0.0,0.0,0.0,0.9662767600000001
A673_BONE,0.0,0.0,0.0,0.0,0.0,0.9770254700000001
ALLSIL_HAEMATOPOIETIC_AND_LYMPHOID_TISSUE,0.0,0.0,0.0,0.0,0.0,0.94893844
BICR78_UPPER_AERODIGESTIVE_TRACT,0.0,0.0,0.0,0.0,0.0,0.70979188
CADOES1_BONE,0.0,0.0,0.0,0.0,0.0,0.9855502650000001
CCFSTTG1_CENTRAL_NERVOUS_SYSTEM,0.0,0.0,0.0,0.0,0.0,0.9870542149999999
CL11_LARGE_INTESTINE,1.0,0.0,0.0,0.0,0.0,0.98561634
CORL23_LUNG,1.0,0.0,0.0,0.0,0.0,0.9798616733333333
D283MED_CENTRAL_NERVOUS_SYSTEM,0.0,0.0,0.0,0.0,0.0,0.9891084800000001
DMS53_LUNG,0.0,0.0,0.0,0.0,0.0,0.974034745
DOV13_OVARY,0.0,0.0,0.0,0.0,0.0,0.8041868033333334
EGI1_BILIARY_TRACT,1.0,0.0,0.0,0.0,1.0,0.9022043799999999
ESO26_OESOPHAGUS,0.0,0.0,0.0,1.0,0.0,0.74606039
ESO51_OESOPHAGUS,0.0,0.0,0.0,0.0,1.0,0.9654282999999999
FLO1_OESOPHAGUS,0.0,0.0,0.0,0.0,0.0,0.89453373
G401_SOFT_TISSUE,0.0,0.0,0.0,0.0,0.0,0.91569441
G402_SOFT_TISSUE,0.0,0.0,0.0,0.0,0.0,0.9503235
GIMEN_AUTONOMIC_GANGLIA,0.0,0.0,0.0,0.0,0.0,0.9536808800000001
HEL9217_HAEMATOPOIETIC_AND_LYMPHOID_TISSUE,0.0,0.0,0.0,0.0,0.0,0.984322
JAR_PLACENTA,0.0,0.0,0.0,0.0,0.0,0.9633219550000001
K562_HAEMATOPOIETIC_AND_LYMPHOID_TISSUE,0.0,0.0,0.0,0.0,0.0,0.9661663899999999
KYSE140_OESOPHAGUS,0.0,0.0,0.0,0.0,1.0,0.607249
NCIH1048_LUNG,0.0,1.0,0.0,0.0,0.0,0.9784369766666666
NCIH1092_LUNG,0.0,0.0,0.0,0.0,0.0,0.9838682366666666
NCIH1915_LUNG,0.0,0.0,0.0,0.0,0.0,0.9850271266666667
NCIH3122_LUNG,0.0,0.0,0.0,0.0,1.0,0.98234494
NCIH446_LUNG,0.0,0.0,0.0,0.0,0.0,0.907765785
NCIH526_LUNG,0.0,0.0,0.0,0.0,0.0,0.9888039200000001
OACM51_OESOPHAGUS,0.0,0.0,0.0,0.0,0.0,0.9846154899999999
OCUM1_STOMACH,0.0,0.0,0.0,0.0,0.0,0.9853917166666667
PF382_HAEMATOPOIETIC_AND_LYMPHOID_TISSUE,0.0,1.0,0.0,0.0,0.0,0.990498785
RH41_SOFT_TISSUE,0.0,0.0,0.0,0.0,0.0,0.975626045
SAOS2_BONE,0.0,0.0,0.0,0.0,0.0,0.9430218566666667
SIHA_CERVIX,0.0,0.0,0.0,0.0,0.0,0.97747584
SKES1_BONE,0.0,0.0,0.0,0.0,0.0,0.9812564
SKGT4_OESOPHAGUS,1.0,0.0,0.0,0.0,1.0,0.8834652599999999
SKPNDW_BONE,0.0,0.0,0.0,0.0,0.0,0.95198632
SW13_ADRENAL_CORTEX,0.0,0.0,0.0,0.0,0.0,0.630297755
SW626_OVARY,1.0,0.0,0.0,0.0,0.0,0.96992845
SW954_VULVA,0.0,0.0,0.0,0.0,0.0,0.82038312
SW982_SOFT_TISSUE,0.0,0.0,0.0,0.0,0.0,0.9585409
TC71_BONE,0.0,0.0,0.0,0.0,0.0,0.9734057966666666
AMO1_HAEMATOPOIETIC_AND_LYMPHOID_TISSUE,1.0,0.0,0.0,0.0,0.0,0.9760326433333334
BL41_HAEMATOPOIETIC_AND_LYMPHOID_TISSUE,0.0,0.0,0.0,0.0,0.0,0.9934414366666667
CALU3_LUNG,0.0,0.0,0.0,1.0,0.0,0.56115361
CL40_LARGE_INTESTINE,1.0,0.0,0.0,0.0,0.0,0.816245095
CMK_HAEMATOPOIETIC_AND_LYMPHOID_TISSUE,0.0,0.0,0.0,0.0,0.0,0.94700351
CMLT1_HAEMATOPOIETIC_AND_LYMPHOID_TISSUE,0.0,0.0,0.0,0.0,0.0,0.951095595
COLO783_SKIN,0.0,0.0,0.0,0.0,0.0,0.9744201699999999
CORL95_LUNG,0.0,0.0,0.0,0.0,0.0,0.9854014799999999
DMS79_LUNG,0.0,0.0,0.0,0.0,0.0,0.98342398
DND41_HAEMATOPOIETIC_AND_LYMPHOID_TISSUE,1.0,1.0,0.0,0.0,0.0,0.950963115
EJM_HAEMATOPOIETIC_AND_LYMPHOID_TISSUE,0.0,0.0,0.0,0.0,0.0,0.98867014
ESS1_ENDOMETRIUM,0.0,0.0,0.0,0.0,0.0,0.9892790066666667
GDM1_HAEMATOPOIETIC_AND_LYMPHOID_TISSUE,0.0,0.0,0.0,0.0,0.0,0.96552666
GRANTA519_HAEMATOPOIETIC_AND_LYMPHOID_TISSUE,0.0,0.0,0.0,0.0,0.0,0.9737546266666667
HCC1143_BREAST,0.0,0.0,0.0,0.0,1.0,0.920746915
HCC1395_BREAST,0.0,0.0,0.0,0.0,0.0,0.9783284
HCC366_LUNG,0.0,0.0,0.0,0.0,0.0,0.98128475
HCC78_LUNG,0.0,0.0,0.0,0.0,0.0,0.90829995
HEP3B217_LIVER,0.0,0.0,0.0,0.0,0.0,0.9610818799999999
HEYA8_OVARY,1.0,0.0,0.0,0.0,1.0,0.9526355
HS578T_BREAST,0.0,0.0,0.0,0.0,0.0,0.9815294966666666
HS766T_PANCREAS,1.0,0.0,0.0,0.0,0.0,0.9665705533333333
HS939T_SKIN,0.0,0.0,0.0,0.0,0.0,0.9832999199999999
HS940T_SKIN,0.0,1.0,0.0,0.0,0.0,0.97828056
HSC4_UPPER_AERODIGESTIVE_TRACT,0.0,0.0,0.0,0.0,0.0,0.474217655
HT_HAEMATOPOIETIC_AND_LYMPHOID_TISSUE,0.0,0.0,0.0,0.0,0.0,0.8762019033333334
HUH1_LIVER,0.0,0.0,0.0,0.0,0.0,0.9806598766666667
JHOS2_OVARY,0.0,0.0,0.0,0.0,1.0,0.7157625300000001
JHOS4_OVARY,0.0,0.0,0.0,0.0,0.0,0.7360328833333334
JIMT1_BREAST,0.0,0.0,0.0,1.0,0.0,0.8690584450000001
JJN3_HAEMATOPOIETIC_AND_LYMPHOID_TISSUE,0.0,1.0,0.0,0.0,0.0,0.977398865
JM1_HAEMATOPOIETIC_AND_LYMPHOID_TISSUE,0.0,0.0,0.0,0.0,0.0,0.9880410166666667
JURKAT_HAEMATOPOIETIC_AND_LYMPHOID_TISSUE,0.0,0.0,0.0,0.0,0.0,0.9756496966666667
JURLMK1_HAEMATOPOIETIC_AND_LYMPHOID_TISSUE,0.0,0.0,0.0,0.0,0.0,0.960928625
KARPAS620_HAEMATOPOIETIC_AND_LYMPHOID_TISSUE,1.0,0.0,0.0,0.0,0.0,0.9855093133333334
KCL22_HAEMATOPOIETIC_AND_LYMPHOID_TISSUE,0.0,0.0,0.0,0.0,0.0,0.9806603433333333
KMRC2_KIDNEY,0.0,0.0,0.0,0.0,0.0,0.973585
KMS11_HAEMATOPOIETIC_AND_LYMPHOID_TISSUE,0.0,0.0,0.0,0.0,0.0,0.9815109866666667
KMS12BM_HAEMATOPOIETIC_AND_LYMPHOID_TISSUE,0.0,0.0,0.0,0.0,0.0,0.991461
KOPN8_HAEMATOPOIETIC_AND_LYMPHOID_TISSUE,1.0,0.0,0.0,0.0,0.0,0.9895389000000001
KP2_PANCREAS,1.0,0.0,0.0,0.0,0.0,0.9069909133333334
L1236_HAEMATOPOIETIC_AND_LYMPHOID_TISSUE,0.0,0.0,0.0,0.0,0.0,0.991695875
LNCAPCLONEFGC_PROSTATE,0.0,0.0,0.0,0.0,0.0,0.97565327
LP1_HAEMATOPOIETIC_AND_LYMPHOID_TISSUE,0.0,0.0,0.0,0.0,0.0,0.9885211666666667
MDAMB415_BREAST,0.0,0.0,0.0,0.0,0.0,0.9668393366666667
MDAMB436_BREAST,0.0,0.0,0.0,0.0,0.0,0.9331283033333334
ME1_HAEMATOPOIETIC_AND_LYMPHOID_TISSUE,0.0,1.0,0.0,0.0,0.0,0.98747892
MFE296_ENDOMETRIUM,0.0,0.0,0.0,0.0,0.0,0.98288032
MHHCALL2_HAEMATOPOIETIC_AND_LYMPHOID_TISSUE,0.0,0.0,0.0,0.0,0.0,0.9968242999999999
MOLM13_HAEMATOPOIETIC_AND_LYMPHOID_TISSUE,0.0,0.0,0.0,0.0,0.0,0.96105074
MOLM16_HAEMATOPOIETIC_AND_LYMPHOID_TISSUE,0.0,0.0,0.0,0.0,0.0,0.9245334700000001
MOLP8_HAEMATOPOIETIC_AND_LYMPHOID_TISSUE,0.0,1.0,0.0,0.0,0.0,0.9785564966666667
NAMALWA_HAEMATOPOIETIC_AND_LYMPHOID_TISSUE,0.0,0.0,0.0,0.0,0.0,0.987717215
NB1_AUTONOMIC_GANGLIA,0.0,0.0,0.0,0.0,0.0,0.9826132949999999
NB4_HAEMATOPOIETIC_AND_LYMPHOID_TISSUE,1.0,0.0,0.0,0.0,0.0,0.9779853000000001
NCIH1341_LUNG,0.0,0.0,0.0,0.0,0.0,0.9790497366666667
NCIH1436_LUNG,0.0,0.0,0.0,0.0,0.0,0.9251278350000001
NCIH1836_LUNG,0.0,0.0,0.0,0.0,0.0,0.9604655249999999
NCIH1944_LUNG,1.0,0.0,0.0,0.0,0.0,0.9267732366666667
NCIH2172_LUNG,0.0,0.0,0.0,0.0,0.0,0.9752219566666667
NUGC4_STOMACH,0.0,0.0,0.0,0.0,0.0,0.3070058266666667
OCIAML5_HAEMATOPOIETIC_AND_LYMPHOID_TISSUE,0.0,0.0,0.0,0.0,0.0,0.9755565533333334
OCILY19_HAEMATOPOIETIC_AND_LYMPHOID_TISSUE,0.0,1.0,0.0,0.0,0.0,0.947146375
OCIM1_HAEMATOPOIETIC_AND_LYMPHOID_TISSUE,0.0,0.0,0.0,0.0,0.0,0.994645705
OV90_OVARY,0.0,0.0,0.0,0.0,0.0,0.92282551
OVTOKO_OVARY,0.0,0.0,0.0,0.0,0.0,0.7864115733333333
PANC0203_PANCREAS,1.0,0.0,0.0,0.0,0.0,0.8373063733333334
PANC0403_PANCREAS,1.0,0.0,0.0,0.0,0.0,0.896178
PATU8902_PANCREAS,1.0,0.0,0.0,0.0,0.0,0.8685759633333333
PL21_HAEMATOPOIETIC_AND_LYMPHOID_TISSUE,1.0,0.0,0.0,0.0,0.0,0.965155465
RKN_SOFT_TISSUE,1.0,0.0,0.0,0.0,0.0,0.9721627150000001
RPMI8402_HAEMATOPOIETIC_AND_LYMPHOID_TISSUE,0.0,0.0,0.0,0.0,0.0,0.9564442666666667
SF295_CENTRAL_NERVOUS_SYSTEM,0.0,0.0,0.0,0.0,0.0,0.8907322033333333
SIMA_AUTONOMIC_GANGLIA,0.0,0.0,0.0,0.0,0.0,0.98357647
SKCO1_LARGE_INTESTINE,1.0,0.0,0.0,0.0,0.0,0.970136235
SKMEL31_SKIN,0.0,0.0,0.0,0.0,0.0,0.9670933066666666
SNGM_ENDOMETRIUM,1.0,0.0,0.0,0.0,0.0,0.8517298766666667
SNU61_LARGE_INTESTINE,1.0,0.0,0.0,0.0,0.0,0.95045618
SUDHL10_HAEMATOPOIETIC_AND_LYMPHOID_TISSUE,1.0,0.0,0.0,0.0,0.0,0.9975237
SUDHL4_HAEMATOPOIETIC_AND_LYMPHOID_TISSUE,0.0,0.0,0.0,0.0,0.0,0.9973229466666668
SUDHL5_HAEMATOPOIETIC_AND_LYMPHOID_TISSUE,0.0,0.0,0.0,0.0,0.0,0.5465810449999999
SUDHL6_HAEMATOPOIETIC_AND_LYMPHOID_TISSUE,0.0,0.0,0.0,0.0,0.0,0.9932832033333333
SUDHL8_HAEMATOPOIETIC_AND_LYMPHOID_TISSUE,0.0,0.0,0.0,0.0,0.0,0.9680042
SUPHD1_HAEMATOPOIETIC_AND_LYMPHOID_TISSUE,0.0,0.0,0.0,0.0,0.0,0.98370622
SUPM2_HAEMATOPOIETIC_AND_LYMPHOID_TISSUE,0.0,0.0,0.0,0.0,0.0,0.9933260466666667
SW1271_LUNG,0.0,1.0,0.0,0.0,0.0,0.9829251366666666
SW1353_BONE,0.0,0.0,0.0,0.0,0.0,0.6923565
SW1573_LUNG,1.0,0.0,0.0,0.0,0.0,0.9435024833333334
TE617T_SOFT_TISSUE,0.0,0.0,0.0,0.0,0.0,0.827139
TOV21G_OVARY,1.0,0.0,0.0,0.0,0.0,0.8826833566666666
TT_OESOPHAGUS,0.0,0.0,0.0,0.0,1.0,0.757666835
TYKNU_OVARY,0.0,1.0,0.0,0.0,0.0,0.9833495566666667
WM793_SKIN,0.0,0.0,0.0,0.0,0.0,0.9638398499999999
WSUDLCL2_HAEMATOPOIETIC_AND_LYMPHOID_TISSUE,0.0,0.0,0.0,0.0,0.0,0.97881993
2313287_STOMACH,0.0,0.0,0.0,0.0,0.0,0.97482282
5637_URINARY_TRACT,0.0,0.0,0.0,0.0,0.0,0.87948427
786O_KIDNEY,0.0,0.0,0.0,0.0,0.0,0.952640675
A2780_OVARY,0.0,0.0,0.0,0.0,0.0,0.9768096366666666
A375_SKIN,0.0,0.0,0.0,0.0,0.0,0.99013726
A549_LUNG,1.0,0.0,0.0,0.0,0.0,0.80995602
C2BBE1_LARGE_INTESTINE,0.0,0.0,0.0,0.0,0.0,0.8734735866666666
CAKI1_KIDNEY,0.0,0.0,0.0,0.0,0.0,0.712487595
CAL27_UPPER_AERODIGESTIVE_TRACT,0.0,1.0,0.0,0.0,0.0,0.3026712266666666
CHP212_AUTONOMIC_GANGLIA,0.0,1.0,0.0,0.0,0.0,0.9836818433333333
COLO668_LUNG,1.0,0.0,0.0,0.0,0.0,0.982327585
CORL279_LUNG,0.0,1.0,0.0,0.0,0.0,0.9752821700000001
CORL88_LUNG,0.0,0.0,0.0,0.0,0.0,0.978917115
DAOY_CENTRAL_NERVOUS_SYSTEM,0.0,0.0,0.0,0.0,0.0,0.98719232
DB_HAEMATOPOIETIC_AND_LYMPHOID_TISSUE,0.0,0.0,0.0,0.0,0.0,0.844635335
DMS114_LUNG,0.0,0.0,0.0,0.0,0.0,0.92695609
DU145_PROSTATE,0.0,0.0,0.0,0.0,0.0,0.6883351133333333
EFO27_OVARY,0.0,0.0,0.0,0.0,0.0,0.87238904
FADU_UPPER_AERODIGESTIVE_TRACT,0.0,0.0,0.0,0.0,0.0,0.6758381866666667
FU97_STOMACH,0.0,0.0,0.0,0.0,0.0,0.9827879233333334
G361_SKIN,0.0,0.0,0.0,0.0,0.0,0.9861220066666667
GCIY_STOMACH,0.0,0.0,0.0,0.0,0.0,0.82378
HARA_LUNG,0.0,0.0,0.0,0.0,0.0,0.8606783766666667
HCC15_LUNG,0.0,1.0,0.0,0.0,0.0,0.9231905466666666
HCC44_LUNG,1.0,0.0,0.0,0.0,0.0,0.9607885733333333
HCT116_LARGE_INTESTINE,1.0,0.0,0.0,0.0,0.0,0.9590840166666666
HCT15_LARGE_INTESTINE,1.0,0.0,0.0,0.0,0.0,0.9853863533333334
HGC27_STOMACH,0.0,0.0,0.0,0.0,0.0,0.98657652
HS746T_STOMACH,0.0,0.0,0.0,0.0,0.0,0.9698132300000001
HSC3_UPPER_AERODIGESTIVE_TRACT,0.0,0.0,0.0,0.0,0.0,0.21911917
HT29_LARGE_INTESTINE,0.0,0.0,0.0,0.0,0.0,0.9829180133333333
KATOIII_STOMACH,0.0,0.0,0.0,0.0,0.0,0.9813723249999999
KNS62_LUNG,0.0,0.0,0.0,0.0,0.0,0.8417252333333334
KYSE410_OESOPHAGUS,1.0,0.0,0.0,1.0,0.0,0.7673185
KYSE450_OESOPHAGUS,0.0,0.0,0.0,0.0,0.0,0.30396114
LOXIMVI_SKIN,0.0,0.0,0.0,0.0,0.0,0.943297415
MKN45_STOMACH,0.0,0.0,0.0,0.0,0.0,0.9613567866666667
MKN7_STOMACH,0.0,0.0,0.0,1.0,0.0,0.87193069
MSTO211H_PLEURA,0.0,0.0,0.0,0.0,0.0,0.9903335266666667
NCIH1105_LUNG,0.0,0.0,0.0,0.0,0.0,0.98478159
NCIH1299_LUNG,0.0,1.0,0.0,0.0,0.0,0.860793555
NCIH1437_LUNG,0.0,0.0,0.0,0.0,0.0,0.9846455350000001
NCIH146_LUNG,0.0,0.0,0.0,0.0,0.0,0.98556298
NCIH1651_LUNG,0.0,0.0,0.0,0.0,0.0,0.9643511566666666
NCIH1666_LUNG,0.0,0.0,0.0,0.0,0.0,0.5283550933333333
NCIH1694_LUNG,0.0,0.0,0.0,0.0,0.0,0.9755474099999999
NCIH1876_LUNG,0.0,1.0,0.0,0.0,0.0,0.9646134399999999
NCIH196_LUNG,0.0,0.0,0.0,0.0,0.0,0.98698448
NCIH2029_LUNG,0.0,0.0,0.0,0.0,0.0,0.991899495
NCIH2052_PLEURA,0.0,0.0,0.0,0.0,0.0,0.971215
NCIH2066_LUNG,0.0,0.0,0.0,0.0,0.0,0.97548423
NCIH2081_LUNG,0.0,0.0,0.0,0.0,0.0,0.9882178399999999
NCIH209_LUNG,0.0,0.0,0.0,0.0,0.0,0.9281658850000001
NCIH211_LUNG,0.0,0.0,0.0,0.0,0.0,0.9685319866666667
NCIH2122_LUNG,1.0,0.0,0.0,0.0,0.0,0.8766137466666666
NCIH2170_LUNG,0.0,0.0,0.0,1.0,0.0,0.48418172666666665
NCIH2227_LUNG,0.0,0.0,0.0,0.0,0.0,0.9700232
NCIH522_LUNG,0.0,0.0,0.0,0.0,0.0,0.8476183749999999
NCIH524_LUNG,0.0,0.0,0.0,0.0,0.0,0.98999556
NCIH650_LUNG,1.0,0.0,0.0,0.0,1.0,0.9806512233333334
NCIH661_LUNG,0.0,0.0,0.0,0.0,0.0,0.8853834799999999
NCIH69_LUNG,0.0,0.0,0.0,0.0,0.0,0.95192337
NCIH747_LARGE_INTESTINE,1.0,0.0,0.0,0.0,1.0,0.7630477833333332
NCIH82_LUNG,0.0,0.0,0.0,0.0,0.0,0.98682575
NCIH841_LUNG,0.0,0.0,0.0,0.0,0.0,0.93943427
NCIN87_STOMACH,0.0,0.0,0.0,1.0,0.0,0.34155542333333333
NUGC3_STOMACH,0.0,0.0,0.0,0.0,0.0,0.57490252
ONS76_CENTRAL_NERVOUS_SYSTEM,0.0,1.0,0.0,0.0,0.0,0.9772273866666668
OPM2_HAEMATOPOIETIC_AND_LYMPHOID_TISSUE,0.0,0.0,0.0,0.0,0.0,0.9932838666666667
PC3_PROSTATE,0.0,0.0,0.0,0.0,0.0,0.9786902
RERFGC1B_STOMACH,0.0,0.0,0.0,0.0,0.0,0.9541577933333333
RERFLCMS_LUNG,0.0,0.0,0.0,0.0,0.0,0.9835556866666666
RKO_LARGE_INTESTINE,0.0,0.0,0.0,0.0,0.0,0.9842934866666666
RT112_URINARY_TRACT,0.0,0.0,0.0,0.0,0.0,0.98344877
SBC5_LUNG,0.0,0.0,0.0,0.0,0.0,0.9928321533333332
SCC25_UPPER_AERODIGESTIVE_TRACT,0.0,0.0,0.0,0.0,0.0,0.7605996
SCC4_UPPER_AERODIGESTIVE_TRACT,0.0,0.0,0.0,0.0,0.0,0.794541085
SHP77_LUNG,1.0,0.0,0.0,0.0,0.0,0.9903538766666666
SKHEP1_LIVER,0.0,0.0,0.0,0.0,0.0,0.98688768
SKLMS1_SOFT_TISSUE,0.0,0.0,0.0,0.0,1.0,0.9646850166666666
SKMEL30_SKIN,0.0,1.0,0.0,0.0,0.0,0.98389893
SKMES1_LUNG,0.0,0.0,0.0,0.0,0.0,0.8146749366666667
SKOV3_OVARY,0.0,0.0,0.0,1.0,0.0,0.8928208433333333
SNU16_STOMACH,1.0,0.0,0.0,0.0,0.0,0.985824865
SNU1_STOMACH,1.0,0.0,0.0,0.0,0.0,0.986577375
SNU387_LIVER,0.0,1.0,0.0,0.0,0.0,0.9757404833333334
SNU423_LIVER,0.0,0.0,0.0,0.0,0.0,0.9529170733333334
SW900_LUNG,1.0,0.0,0.0,0.0,0.0,0.9113892199999999
T24_URINARY_TRACT,0.0,0.0,0.0,0.0,0.0,0.9718420333333334
TE11_OESOPHAGUS,0.0,0.0,0.0,0.0,0.0,0.9106725566666666
TE5_OESOPHAGUS,0.0,0.0,0.0,0.0,0.0,0.9223065133333334
U2OS_BONE,0.0,0.0,0.0,0.0,0.0,0.96504143
U87MG_CENTRAL_NERVOUS_SYSTEM,0.0,0.0,0.0,0.0,0.0,0.50267442
UACC257_SKIN,0.0,0.0,0.0,0.0,0.0,0.9502505833333333
769P_KIDNEY,0.0,0.0,0.0,0.0,0.0,0.60079627
8305C_THYROID,0.0,0.0,0.0,0.0,0.0,0.96781175
A101D_SKIN,0.0,0.0,0.0,0.0,0.0,0.966119245
A2058_SKIN,0.0,0.0,0.0,0.0,0.0,0.9883491366666668
A3KAW_HAEMATOPOIETIC_AND_LYMPHOID_TISSUE,0.0,0.0,0.0,0.0,0.0,0.956402735
A704_KIDNEY,0.0,0.0,0.0,0.0,0.0,0.974250075
ACHN_KIDNEY,0.0,0.0,0.0,0.0,0.0,0.43788111333333335
AN3CA_ENDOMETRIUM,0.0,0.0,0.0,0.0,0.0,0.97129359
AU565_BREAST,0.0,0.0,0.0,1.0,0.0,0.40764401999999994
BFTC909_KIDNEY,0.0,0.0,0.0,0.0,0.0,0.89994326
BT20_BREAST,0.0,0.0,1.0,0.0,0.0,0.8933502933333334
BT474_BREAST,0.0,0.0,0.0,1.0,0.0,0.5977259633333333
BT483_BREAST,0.0,0.0,0.0,0.0,0.0,0.97454239
CAL120_BREAST,0.0,0.0,0.0,0.0,0.0,0.91948859
CAL51_BREAST,0.0,0.0,0.0,0.0,0.0,0.95663461
CAL54_KIDNEY,0.0,0.0,0.0,0.0,0.0,0.877315235
CAL851_BREAST,0.0,0.0,0.0,0.0,0.0,0.7888899500000001
CALU6_LUNG,1.0,0.0,0.0,0.0,0.0,0.9383485199999999
CAMA1_BREAST,0.0,0.0,0.0,0.0,0.0,0.96181831
CAPAN1_PANCREAS,1.0,0.0,0.0,0.0,0.0,0.95463744
CAS1_CENTRAL_NERVOUS_SYSTEM,0.0,0.0,0.0,0.0,0.0,0.9749527433333333
CCK81_LARGE_INTESTINE,0.0,0.0,0.0,0.0,0.0,0.9305651033333334
CHAGOK1_LUNG,0.0,0.0,0.0,0.0,0.0,0.97900473
COLO829_SKIN,0.0,0.0,0.0,0.0,0.0,0.93277787
DETROIT562_UPPER_AERODIGESTIVE_TRACT,0.0,0.0,0.0,0.0,0.0,0.9688413499999999
DU4475_BREAST,0.0,0.0,0.0,0.0,0.0,0.9872082799999999
EBC1_LUNG,0.0,0.0,0.0,0.0,1.0,0.9112729466666667
EFM192A_BREAST,0.0,0.0,0.0,1.0,0.0,0.65285369
EFM19_BREAST,0.0,0.0,0.0,0.0,0.0,0.9448269266666666
EFO21_OVARY,0.0,0.0,0.0,0.0,1.0,0.9355620099999999
EOL1_HAEMATOPOIETIC_AND_LYMPHOID_TISSUE,0.0,0.0,0.0,0.0,0.0,0.935236505
ES2_OVARY,0.0,0.0,0.0,0.0,0.0,0.99026721
FUOV1_OVARY,0.0,0.0,0.0,0.0,0.0,0.9272320933333335
GAMG_CENTRAL_NERVOUS_SYSTEM,0.0,0.0,0.0,0.0,0.0,0.94822357
GB1_CENTRAL_NERVOUS_SYSTEM,0.0,0.0,0.0,0.0,0.0,0.94940111
GI1_CENTRAL_NERVOUS_SYSTEM,0.0,0.0,0.0,0.0,0.0,0.9692072433333333
H4_CENTRAL_NERVOUS_SYSTEM,0.0,0.0,0.0,0.0,0.0,0.9553639633333333
HCC1187_BREAST,0.0,0.0,0.0,0.0,0.0,0.98274396
HCC1419_BREAST,0.0,0.0,0.0,1.0,0.0,0.729474605
HCC1428_BREAST,0.0,0.0,0.0,0.0,0.0,0.9864889400000001
HCC1500_BREAST,0.0,0.0,0.0,0.0,0.0,0.97933973
HCC1569_BREAST,0.0,0.0,0.0,1.0,0.0,0.8405440233333333
HCC1937_BREAST,0.0,0.0,0.0,0.0,0.0,0.9601601049999999
HCC1954_BREAST,0.0,0.0,0.0,1.0,0.0,0.72354551
HCC202_BREAST,0.0,0.0,0.0,1.0,0.0,0.6112707150000001
HCC2157_BREAST,0.0,0.0,0.0,0.0,0.0,0.8947644400000001
HCC38_BREAST,0.0,0.0,0.0,0.0,1.0,0.9776272349999999
HCC70_BREAST,0.0,0.0,0.0,0.0,0.0,0.9620116233333333
HCC827_LUNG,0.0,0.0,1.0,0.0,0.0,0.11961021000000001
HDQP1_BREAST,0.0,0.0,0.0,0.0,1.0,0.8945420266666666
HT115_LARGE_INTESTINE,0.0,0.0,0.0,0.0,0.0,0.91533968
HT1376_URINARY_TRACT,0.0,0.0,0.0,0.0,0.0,0.88482541
HT144_SKIN,0.0,0.0,0.0,0.0,0.0,0.9684887766666668
HUTU80_SMALL_INTESTINE,0.0,0.0,0.0,0.0,0.0,0.99077295
IGROV1_OVARY,0.0,0.0,0.0,0.0,0.0,0.8284383433333332
JHH1_LIVER,0.0,0.0,0.0,0.0,0.0,0.483373725
JHH7_LIVER,0.0,0.0,0.0,0.0,0.0,0.96489229
KALS1_CENTRAL_NERVOUS_SYSTEM,0.0,0.0,0.0,0.0,0.0,0.9603238700000001
KARPAS299_HAEMATOPOIETIC_AND_LYMPHOID_TISSUE,0.0,0.0,0.0,0.0,0.0,0.9837212533333334
KLE_ENDOMETRIUM,0.0,0.0,0.0,0.0,0.0,0.9244845266666667
KM12_LARGE_INTESTINE,0.0,0.0,0.0,0.0,0.0,0.89431344
KNS81_CENTRAL_NERVOUS_SYSTEM,0.0,0.0,0.0,0.0,0.0,0.967743
KU1919_URINARY_TRACT,0.0,1.0,0.0,0.0,0.0,0.98574528
KYM1_SOFT_TISSUE,0.0,0.0,0.0,0.0,0.0,0.97757353
KYSE520_OESOPHAGUS,0.0,0.0,1.0,0.0,0.0,0.9662579733333333
KYSE70_OESOPHAGUS,0.0,0.0,0.0,0.0,0.0,0.9712436333333333
LAMA84_HAEMATOPOIETIC_AND_LYMPHOID_TISSUE,0.0,0.0,0.0,0.0,0.0,0.971451045
LK2_LUNG,0.0,0.0,0.0,0.0,0.0,0.9748290549999999
LN18_CENTRAL_NERVOUS_SYSTEM,0.0,0.0,0.0,0.0,0.0,0.9898573466666667
LN229_CENTRAL_NERVOUS_SYSTEM,0.0,0.0,0.0,0.0,0.0,0.9541697100000001
LOVO_LARGE_INTESTINE,1.0,0.0,0.0,0.0,0.0,0.8951279649999999
LS180_LARGE_INTESTINE,1.0,0.0,0.0,0.0,0.0,0.8938806800000001
LS411N_LARGE_INTESTINE,0.0,0.0,0.0,0.0,0.0,0.9705635866666666
LS513_LARGE_INTESTINE,1.0,0.0,0.0,0.0,0.0,0.9612929766666666
LU99_LUNG,1.0,0.0,0.0,0.0,0.0,0.986012
MCF7_BREAST,0.0,0.0,0.0,0.0,0.0,0.9825312866666667
MDAMB157_BREAST,0.0,0.0,0.0,0.0,0.0,0.96713834
MDAMB175VII_BREAST,0.0,0.0,0.0,0.0,0.0,0.4195662066666667
MDAMB231_BREAST,1.0,0.0,0.0,0.0,0.0,0.964228925
MDAMB361_BREAST,0.0,0.0,0.0,1.0,0.0,0.837668195
MDAMB453_BREAST,0.0,0.0,0.0,0.0,0.0,0.8874233633333333
MFE280_ENDOMETRIUM,0.0,0.0,0.0,0.0,0.0,0.97278529
MFE319_ENDOMETRIUM,0.0,0.0,0.0,0.0,0.0,0.8339136766666666
MIAPACA2_PANCREAS,1.0,0.0,0.0,0.0,0.0,0.9829884666666667
MKN1_STOMACH,0.0,0.0,0.0,0.0,0.0,0.896843555
MV411_HAEMATOPOIETIC_AND_LYMPHOID_TISSUE,0.0,0.0,0.0,0.0,0.0,0.96410744
NCIH1355_LUNG,1.0,0.0,0.0,0.0,0.0,0.8548373466666667
NCIH1435_LUNG,0.0,0.0,0.0,0.0,0.0,0.9907223300000001
NCIH1693_LUNG,0.0,0.0,0.0,0.0,0.0,0.73297152
NCIH1703_LUNG,0.0,0.0,0.0,0.0,0.0,0.9625520266666667
NCIH1792_LUNG,1.0,0.0,0.0,0.0,0.0,0.9669394066666667
NCIH1793_LUNG,0.0,0.0,0.0,0.0,0.0,0.9220540399999999
NCIH1869_LUNG,0.0,0.0,0.0,0.0,0.0,0.9162235366666667
NCIH1975_LUNG,0.0,0.0,0.0,0.0,0.0,0.70124139
NCIH2030_LUNG,1.0,0.0,0.0,0.0,1.0,0.8514238799999999
NCIH226_LUNG,0.0,0.0,0.0,0.0,0.0,0.9722872333333333
NCIH23_LUNG,1.0,0.0,0.0,0.0,0.0,0.9754361533333333
NCIH358_LUNG,1.0,0.0,0.0,0.0,0.0,0.7767594733333333
NCIH460_LUNG,1.0,0.0,0.0,0.0,0.0,0.9791669966666666
NCIH508_LARGE_INTESTINE,0.0,0.0,0.0,0.0,0.0,0.68987368
NCIH520_LUNG,0.0,0.0,0.0,0.0,0.0,0.9843018466666665
NCIH596_LUNG,0.0,0.0,0.0,0.0,0.0,0.94118304
NCIH838_LUNG,0.0,0.0,0.0,0.0,0.0,0.96963628
NIHOVCAR3_OVARY,0.0,0.0,0.0,0.0,0.0,0.94584225
OAW42_OVARY,0.0,0.0,0.0,0.0,0.0,0.932237045
OE19_OESOPHAGUS,0.0,0.0,0.0,1.0,0.0,0.25061841500000004
OSRC2_KIDNEY,0.0,0.0,0.0,0.0,0.0,0.952636415
OV56_OVARY,1.0,0.0,0.0,0.0,0.0,0.968954965
OV7_OVARY,1.0,0.0,0.0,0.0,0.0,0.897968925
OVCAR4_OVARY,0.0,0.0,0.0,0.0,0.0,0.86157345
OVCAR8_OVARY,1.0,0.0,0.0,0.0,0.0,0.9490742033333334
OVK18_OVARY,1.0,0.0,0.0,0.0,0.0,0.9717501399999999
PANC0327_PANCREAS,1.0,0.0,0.0,0.0,0.0,0.8976211633333334
PANC1005_PANCREAS,1.0,0.0,0.0,0.0,0.0,0.891947755
PATU8988T_PANCREAS,1.0,0.0,0.0,0.0,0.0,0.9431849649999999
QGP1_PANCREAS,1.0,0.0,0.0,0.0,0.0,0.95762553
RL952_ENDOMETRIUM,0.0,0.0,0.0,0.0,0.0,0.8760609466666667
RMGI_OVARY,0.0,0.0,0.0,0.0,0.0,0.33525464000000005
RPMI7951_SKIN,0.0,0.0,0.0,0.0,0.0,0.9810170366666667
RPMI8226_HAEMATOPOIETIC_AND_LYMPHOID_TISSUE,1.0,0.0,0.0,0.0,0.0,0.980769555
RVH421_SKIN,0.0,0.0,0.0,0.0,0.0,0.92512537
SKLU1_LUNG,1.0,0.0,0.0,0.0,0.0,0.97268953
SKMEL24_SKIN,0.0,0.0,0.0,0.0,0.0,0.9267914700000001
SKMEL2_SKIN,0.0,1.0,0.0,0.0,0.0,0.96382033
SKMEL5_SKIN,0.0,0.0,0.0,0.0,0.0,0.94410581
SKNAS_AUTONOMIC_GANGLIA,0.0,1.0,0.0,0.0,0.0,0.9826789766666666
SKUT1_SOFT_TISSUE,0.0,0.0,0.0,0.0,0.0,0.9840509500000001
SNU182_LIVER,0.0,0.0,0.0,0.0,0.0,0.9154957933333333
SNU407_LARGE_INTESTINE,1.0,0.0,0.0,0.0,0.0,0.946001605
SNU449_LIVER,0.0,0.0,0.0,0.0,0.0,0.8927331766666667
SUIT2_PANCREAS,1.0,0.0,0.0,0.0,0.0,0.9545798
SW1783_CENTRAL_NERVOUS_SYSTEM,0.0,0.0,0.0,0.0,0.0,0.96830602
SW1990_PANCREAS,1.0,0.0,0.0,0.0,0.0,0.8521700866666667
SW48_LARGE_INTESTINE,0.0,0.0,0.0,0.0,0.0,0.8344824033333333
SW948_LARGE_INTESTINE,1.0,0.0,0.0,0.0,0.0,0.949517075
T47D_BREAST,0.0,0.0,0.0,0.0,0.0,0.8676084299999999
T84_LARGE_INTESTINE,1.0,0.0,0.0,0.0,0.0,0.9561296566666666
TE1_OESOPHAGUS,0.0,0.0,0.0,0.0,0.0,0.8053019433333333
THP1_HAEMATOPOIETIC_AND_LYMPHOID_TISSUE,0.0,1.0,0.0,0.0,0.0,0.9874760699999999
U251MG_CENTRAL_NERVOUS_SYSTEM,0.0,0.0,0.0,0.0,0.0,0.97531745
UACC893_BREAST,0.0,0.0,0.0,1.0,0.0,0.5002634149999999
42MGBA_CENTRAL_NERVOUS_SYSTEM,0.0,0.0,0.0,0.0,0.0,0.9761973166666668
639V_URINARY_TRACT,1.0,1.0,0.0,0.0,0.0,0.96403081
647V_URINARY_TRACT,0.0,0.0,0.0,0.0,0.0,0.931654
697_HAEMATOPOIETIC_AND_LYMPHOID_TISSUE,0.0,1.0,0.0,0.0,0.0,0.9707699633333333
8505C_THYROID,0.0,0.0,0.0,0.0,0.0,0.98294338
8MGBA_CENTRAL_NERVOUS_SYSTEM,0.0,0.0,0.0,0.0,0.0,0.9658005800000001
A172_CENTRAL_NERVOUS_SYSTEM,0.0,0.0,0.0,0.0,0.0,0.981499385
A388_SKIN,0.0,0.0,1.0,0.0,0.0,0.878674445
A498_KIDNEY,0.0,0.0,0.0,0.0,0.0,0.965327105
ALLPO_HAEMATOPOIETIC_AND_LYMPHOID_TISSUE,0.0,0.0,0.0,0.0,0.0,0.9810909999999999
AM38_CENTRAL_NERVOUS_SYSTEM,0.0,0.0,0.0,0.0,0.0,0.9873350750000001
ARH77_HAEMATOPOIETIC_AND_LYMPHOID_TISSUE,0.0,0.0,0.0,0.0,0.0,0.968691
ASH3_THYROID,0.0,1.0,0.0,0.0,1.0,0.987155755
ASPC1_PANCREAS,1.0,0.0,0.0,0.0,0.0,0.921776
BALL1_HAEMATOPOIETIC_AND_LYMPHOID_TISSUE,0.0,0.0,0.0,0.0,0.0,0.9916879999999999
BB65RCC_KIDNEY,0.0,0.0,0.0,0.0,0.0,0.847242
BC1_HAEMATOPOIETIC_AND_LYMPHOID_TISSUE,0.0,0.0,0.0,0.0,0.0,0.863009
BCPAP_THYROID,0.0,0.0,0.0,0.0,0.0,0.98824362
BE13_HAEMATOPOIETIC_AND_LYMPHOID_TISSUE,0.0,0.0,0.0,0.0,0.0,0.931054
BECKER_CENTRAL_NERVOUS_SYSTEM,0.0,0.0,0.0,0.0,0.0,0.967321915
BEN_LUNG,0.0,0.0,0.0,0.0,0.0,0.984255575
BFTC905_URINARY_TRACT,0.0,1.0,0.0,0.0,0.0,0.9379445
BHT101_THYROID,0.0,0.0,0.0,0.0,0.0,0.983228365
BHY_UPPER_AERODIGESTIVE_TRACT,0.0,0.0,0.0,0.0,0.0,0.6549053149999999
BICR10_UPPER_AERODIGESTIVE_TRACT,0.0,0.0,0.0,0.0,0.0,0.9690427699999999
BICR22_UPPER_AERODIGESTIVE_TRACT,0.0,0.0,0.0,0.0,0.0,0.78022521
BPH1_PROSTATE,0.0,0.0,0.0,0.0,0.0,0.406566235
BT549_BREAST,0.0,0.0,0.0,0.0,0.0,0.94025135
BV173_HAEMATOPOIETIC_AND_LYMPHOID_TISSUE,0.0,0.0,0.0,0.0,0.0,0.98117569
BXPC3_PANCREAS,0.0,0.0,0.0,0.0,0.0,0.9544984333333334
C32_SKIN,0.0,0.0,0.0,0.0,0.0,0.9828160066666666
C33A_CERVIX,0.0,0.0,0.0,0.0,0.0,0.590746295
C3A_LIVER,0.0,1.0,0.0,0.0,0.0,0.98556169
CA46_HAEMATOPOIETIC_AND_LYMPHOID_TISSUE,0.0,0.0,0.0,0.0,0.0,0.953607595
CAL12T_LUNG,0.0,0.0,0.0,0.0,0.0,0.8588388233333334
CAL29_URINARY_TRACT,0.0,0.0,0.0,0.0,0.0,0.81956882
CAL33_UPPER_AERODIGESTIVE_TRACT,0.0,0.0,0.0,0.0,0.0,0.60823991
CAL62_THYROID,1.0,0.0,0.0,0.0,0.0,0.9740133049999999
CAL72_BONE,0.0,0.0,0.0,0.0,0.0,0.96599328
CAL78_BONE,0.0,0.0,0.0,0.0,0.0,0.9522151433333333
CAOV4_OVARY,0.0,0.0,0.0,0.0,0.0,0.94408301
CAPAN2_PANCREAS,1.0,0.0,0.0,0.0,0.0,0.8356907033333334
CASKI_CERVIX,0.0,0.0,0.0,0.0,0.0,0.869642465
CCRFCEM_HAEMATOPOIETIC_AND_LYMPHOID_TISSUE,1.0,0.0,0.0,0.0,0.0,0.9787988400000001
CESS_HAEMATOPOIETIC_AND_LYMPHOID_TISSUE,0.0,0.0,0.0,0.0,0.0,0.982015
CFPAC1_PANCREAS,1.0,0.0,0.0,0.0,0.0,0.8226333800000001
CGTHW1_THYROID,0.0,0.0,0.0,0.0,0.0,0.982034855
CHL1_SKIN,0.0,0.0,0.0,0.0,0.0,0.28422718999999996
CHP126_AUTONOMIC_GANGLIA,0.0,0.0,0.0,0.0,0.0,0.9856978249999999
CHSA0011_BONE,0.0,0.0,0.0,0.0,0.0,0.9124959999999999
CHSA0108_BONE,0.0,0.0,0.0,0.0,0.0,0.9663930000000001
CHSA8926_BONE,0.0,0.0,0.0,0.0,0.0,0.907524
CL34_LARGE_INTESTINE,0.0,0.0,0.0,0.0,0.0,0.9854757300000001
COLO205_LARGE_INTESTINE,0.0,0.0,0.0,0.0,0.0,0.9803212733333333
COLO320_LARGE_INTESTINE,0.0,0.0,0.0,0.0,0.0,0.989242
COLO678_LARGE_INTESTINE,1.0,0.0,0.0,0.0,0.0,0.8423699533333333
COLO679_SKIN,0.0,0.0,0.0,0.0,0.0,0.9529026933333332
COLO680N_OESOPHAGUS,0.0,0.0,0.0,0.0,0.0,0.959822695
COLO684_ENDOMETRIUM,0.0,0.0,0.0,0.0,0.0,0.98264913
COLO792_SKIN,0.0,0.0,0.0,0.0,0.0,0.987216365
COLO800_SKIN,0.0,0.0,0.0,0.0,0.0,0.945282645
CORL105_LUNG,0.0,0.0,0.0,0.0,0.0,0.337535545
CORL32_LUNG,0.0,0.0,0.0,0.0,0.0,0.9028233299999999
CP50MELB_SKIN,0.0,0.0,0.0,0.0,0.0,0.976614
CP66MEL_SKIN,0.0,1.0,0.0,0.0,0.0,0.969266
CPCN_LUNG,0.0,0.0,0.0,0.0,0.0,0.9303423799999999
CROAP2_HAEMATOPOIETIC_AND_LYMPHOID_TISSUE,0.0,0.0,0.0,0.0,0.0,0.958834
CS1_BONE,0.0,0.0,0.0,0.0,0.0,0.982449
CTB1_HAEMATOPOIETIC_AND_LYMPHOID_TISSUE,0.0,0.0,0.0,0.0,0.0,0.9038280000000001
CTV1_HAEMATOPOIETIC_AND_LYMPHOID_TISSUE,0.0,0.0,0.0,0.0,0.0,0.981925
CW2_LARGE_INTESTINE,1.0,0.0,0.0,0.0,0.0,0.7825835
DBTRG05MG_CENTRAL_NERVOUS_SYSTEM,0.0,0.0,0.0,0.0,0.0,0.9758194566666667
DEL_HAEMATOPOIETIC_AND_LYMPHOID_TISSUE,0.0,0.0,0.0,0.0,0.0,0.9706757466666667
DG75_HAEMATOPOIETIC_AND_LYMPHOID_TISSUE,0.0,0.0,0.0,0.0,0.0,0.924268
DIFI_LARGE_INTESTINE,0.0,0.0,1.0,0.0,0.0,0.14621199999999998
DKMG_CENTRAL_NERVOUS_SYSTEM,0.0,0.0,1.0,0.0,0.0,0.946606435
DOHH2_HAEMATOPOIETIC_AND_LYMPHOID_TISSUE,0.0,0.0,0.0,0.0,0.0,0.980828
DOTC24510_CERVIX,0.0,0.0,0.0,0.0,0.0,0.8647328300000001
EB2_HAEMATOPOIETIC_AND_LYMPHOID_TISSUE,0.0,0.0,0.0,0.0,0.0,0.9889053166666666
EB3_HAEMATOPOIETIC_AND_LYMPHOID_TISSUE,0.0,0.0,0.0,0.0,0.0,0.959508
ECC10_STOMACH,0.0,0.0,0.0,0.0,0.0,0.97342974
ECGI10_OESOPHAGUS,0.0,0.0,0.0,0.0,0.0,0.29156328
EHEB_HAEMATOPOIETIC_AND_LYMPHOID_TISSUE,0.0,0.0,0.0,0.0,0.0,0.96942112
EKVX_LUNG,0.0,0.0,0.0,0.0,0.0,0.6493194250000001
EM2_HAEMATOPOIETIC_AND_LYMPHOID_TISSUE,0.0,0.0,0.0,0.0,0.0,0.9507122166666666
EMCBAC1_LUNG,0.0,0.0,0.0,0.0,0.0,0.34275300000000003
EMCBAC2_LUNG,1.0,0.0,0.0,0.0,0.0,0.9331940000000001
EN_ENDOMETRIUM,0.0,0.0,0.0,0.0,0.0,0.9816590499999999
EPLC272H_LUNG,0.0,0.0,0.0,0.0,0.0,0.72568776
ES1_BONE,0.0,0.0,0.0,0.0,0.0,0.948728
ES3_BONE,0.0,0.0,0.0,0.0,0.0,0.8694879999999999
ES4_BONE,0.0,0.0,0.0,0.0,0.0,0.761332
ES5_BONE,0.0,0.0,0.0,0.0,0.0,0.959707
ES6_BONE,0.0,0.0,0.0,0.0,0.0,0.9526290000000001
ES7_BONE,0.0,0.0,0.0,0.0,0.0,0.848017
ES8_BONE,0.0,0.0,0.0,0.0,0.0,0.97106
ETK1_BILIARY_TRACT,0.0,0.0,0.0,0.0,0.0,0.790674
EVSAT_BREAST,0.0,0.0,0.0,0.0,0.0,0.9907073399999999
EW11_BONE,0.0,0.0,0.0,0.0,0.0,0.889007
EW13_BONE,0.0,0.0,0.0,0.0,0.0,0.982173
EW16_BONE,0.0,0.0,0.0,0.0,0.0,0.884956
EW18_BONE,0.0,0.0,0.0,0.0,0.0,0.9617459999999999
EW1_BONE,0.0,0.0,0.0,0.0,0.0,0.987341
EW22_BONE,0.0,0.0,0.0,0.0,0.0,0.9446620000000001
EW24_BONE,0.0,0.0,0.0,0.0,0.0,0.991398
EW3_BONE,0.0,0.0,0.0,0.0,0.0,0.894119
EW7_BONE,0.0,0.0,0.0,0.0,0.0,0.983591
FARAGE_HAEMATOPOIETIC_AND_LYMPHOID_TISSUE,0.0,0.0,0.0,0.0,0.0,0.99236065
FTC133_THYROID,0.0,0.0,0.0,0.0,0.0,0.880723965
G292CLONEA141B1_BONE,0.0,0.0,0.0,0.0,0.0,0.946985765
GA10_HAEMATOPOIETIC_AND_LYMPHOID_TISSUE,0.0,1.0,0.0,0.0,0.0,0.9773497
GAK_SKIN,0.0,1.0,0.0,0.0,0.0,0.9793120000000001
GCT_SOFT_TISSUE,0.0,0.0,0.0,0.0,0.0,0.9882556999999998
GMEL_SKIN,0.0,0.0,0.0,0.0,0.0,0.966942
GMS10_CENTRAL_NERVOUS_SYSTEM,0.0,0.0,0.0,0.0,0.0,0.942568
GOTO_AUTONOMIC_GANGLIA,0.0,1.0,0.0,0.0,0.0,0.9749792100000001
GP5D_LARGE_INTESTINE,1.0,0.0,0.0,0.0,0.0,0.9755969550000001
GRST_HAEMATOPOIETIC_AND_LYMPHOID_TISSUE,1.0,0.0,0.0,0.0,0.0,0.9196469999999999
H9_HAEMATOPOIETIC_AND_LYMPHOID_TISSUE,0.0,1.0,0.0,0.0,0.0,0.949876
HA7RCC_KIDNEY,0.0,0.0,0.0,0.0,0.0,0.909008
HAL01_HAEMATOPOIETIC_AND_LYMPHOID_TISSUE,0.0,1.0,0.0,0.0,0.0,0.96806
HC1_HAEMATOPOIETIC_AND_LYMPHOID_TISSUE,0.0,0.0,0.0,0.0,0.0,0.960837
HCC1806_BREAST,0.0,0.0,0.0,0.0,0.0,0.9339849233333334
HCC2218_BREAST,0.0,0.0,0.0,1.0,0.0,0.367877185
HCC56_LARGE_INTESTINE,1.0,0.0,0.0,0.0,0.0,0.8608003666666667
HDLM2_HAEMATOPOIETIC_AND_LYMPHOID_TISSUE,0.0,0.0,0.0,0.0,0.0,0.979958695
HDMYZ_HAEMATOPOIETIC_AND_LYMPHOID_TISSUE,0.0,1.0,0.0,0.0,0.0,0.9572701800000001
HEC1_ENDOMETRIUM,1.0,0.0,0.0,0.0,0.0,0.986600325
HELA_CERVIX,0.0,0.0,0.0,0.0,0.0,0.9867489
HEY_OVARY,1.0,0.0,0.0,0.0,0.0,0.9174200000000001
HH_HAEMATOPOIETIC_AND_LYMPHOID_TISSUE,0.0,0.0,0.0,0.0,0.0,0.8795472699999999
HL60_HAEMATOPOIETIC_AND_LYMPHOID_TISSUE,0.0,1.0,0.0,0.0,0.0,0.98860023
HLE_LIVER,0.0,0.0,0.0,0.0,0.0,0.987482115
HN_UPPER_AERODIGESTIVE_TRACT,0.0,0.0,0.0,0.0,0.0,0.50393757
HOP62_LUNG,1.0,0.0,0.0,0.0,0.0,0.9842564250000001
HOP92_LUNG,0.0,0.0,0.0,0.0,0.0,0.94707936
HOS_BONE,0.0,0.0,0.0,0.0,0.0,0.9494601
HPAFII_PANCREAS,1.0,0.0,0.0,0.0,0.0,0.900584555
HS445_HAEMATOPOIETIC_AND_LYMPHOID_TISSUE,0.0,0.0,0.0,0.0,0.0,0.984776
HS683_CENTRAL_NERVOUS_SYSTEM,0.0,0.0,0.0,0.0,0.0,0.98377106
HSC2_UPPER_AERODIGESTIVE_TRACT,0.0,0.0,1.0,0.0,0.0,0.6385873066666666
HSC39_STOMACH,0.0,0.0,0.0,0.0,0.0,0.9717459999999999
HT1080_SOFT_TISSUE,0.0,1.0,0.0,0.0,0.0,0.9880545399999999
HT1197_URINARY_TRACT,0.0,1.0,0.0,0.0,0.0,0.9677095533333332
HT3_CERVIX,0.0,0.0,0.0,0.0,0.0,0.84551061
HTCC3_THYROID,0.0,0.0,0.0,0.0,1.0,0.9472890949999999
HUCCT1_BILIARY_TRACT,1.0,0.0,0.0,0.0,0.0,0.8822828533333333
HUH7_LIVER,0.0,0.0,0.0,0.0,0.0,0.98615035
HUO3N1_BONE,0.0,0.0,0.0,0.0,0.0,0.9682860000000001
HUO9_BONE,0.0,0.0,0.0,0.0,0.0,0.9650758100000001
HUPT3_PANCREAS,1.0,0.0,0.0,0.0,0.0,0.9639810233333334
HUPT4_PANCREAS,1.0,0.0,0.0,0.0,1.0,0.8940035933333332
IALM_LUNG,1.0,0.0,0.0,0.0,1.0,0.9523765666666666
IGR1_SKIN,0.0,0.0,0.0,0.0,0.0,0.9895957
IHH4_THYROID,0.0,0.0,0.0,0.0,0.0,0.964369335
IM9_HAEMATOPOIETIC_AND_LYMPHOID_TISSUE,0.0,1.0,0.0,0.0,0.0,0.991374
IPC298_SKIN,0.0,1.0,0.0,0.0,0.0,0.98524749
ISTMEL1_SKIN,0.0,0.0,0.0,0.0,0.0,0.9742059999999999
ISTMES1_PLEURA,0.0,0.0,0.0,0.0,0.0,0.9744160433333334
ISTSL1_LUNG,0.0,0.0,0.0,0.0,0.0,0.9785360000000001
ISTSL2_LUNG,0.0,0.0,0.0,0.0,0.0,0.9731299999999999
J82_URINARY_TRACT,0.0,0.0,0.0,0.0,0.0,0.96595275
JEG3_PLACENTA,0.0,0.0,0.0,0.0,0.0,0.9791137249999999
JEKO1_HAEMATOPOIETIC_AND_LYMPHOID_TISSUE,0.0,0.0,0.0,0.0,0.0,0.9806676449999999
JHH6_LIVER,0.0,0.0,0.0,0.0,0.0,0.9858398166666666
JHOS3_OVARY,0.0,0.0,0.0,0.0,0.0,0.9012549999999999
JIYOYEP2003_HAEMATOPOIETIC_AND_LYMPHOID_TISSUE,0.0,0.0,0.0,0.0,0.0,0.978735
JSC1_HAEMATOPOIETIC_AND_LYMPHOID_TISSUE,0.0,1.0,0.0,0.0,0.0,0.98329
JVM2_HAEMATOPOIETIC_AND_LYMPHOID_TISSUE,0.0,0.0,0.0,0.0,0.0,0.927394915
JVM3_HAEMATOPOIETIC_AND_LYMPHOID_TISSUE,0.0,0.0,0.0,0.0,0.0,0.9703732266666667
K2_SKIN,0.0,0.0,0.0,0.0,0.0,0.979841
K5_THYROID,0.0,0.0,0.0,0.0,0.0,0.957993
KARPAS1106P_HAEMATOPOIETIC_AND_LYMPHOID_TISSUE,0.0,0.0,0.0,0.0,0.0,0.992658
KARPAS231_HAEMATOPOIETIC_AND_LYMPHOID_TISSUE,0.0,0.0,0.0,0.0,0.0,0.993693
KARPAS422_HAEMATOPOIETIC_AND_LYMPHOID_TISSUE,0.0,0.0,0.0,0.0,0.0,0.9797036866666667
KARPAS45_HAEMATOPOIETIC_AND_LYMPHOID_TISSUE,0.0,0.0,0.0,0.0,0.0,0.991143
KASUMI1_HAEMATOPOIETIC_AND_LYMPHOID_TISSUE,0.0,0.0,0.0,0.0,0.0,0.90257663
KE37_HAEMATOPOIETIC_AND_LYMPHOID_TISSUE,0.0,1.0,0.0,0.0,0.0,0.9939515800000001
KELLY_AUTONOMIC_GANGLIA,0.0,0.0,0.0,0.0,0.0,0.9820591633333334
KG1_HAEMATOPOIETIC_AND_LYMPHOID_TISSUE,0.0,0.0,0.0,0.0,0.0,0.97342475
KGN_OVARY,0.0,0.0,0.0,0.0,0.0,0.9365889999999999
KMH2_HAEMATOPOIETIC_AND_LYMPHOID_TISSUE,0.0,0.0,0.0,0.0,0.0,0.9919514
KMOE2_HAEMATOPOIETIC_AND_LYMPHOID_TISSUE,0.0,1.0,0.0,0.0,0.0,0.9466530000000001
KMRC1_KIDNEY,0.0,0.0,0.0,0.0,0.0,0.97804
KMRC20_KIDNEY,0.0,0.0,0.0,0.0,0.0,0.9827950249999999
KNS42_CENTRAL_NERVOUS_SYSTEM,0.0,0.0,0.0,0.0,0.0,0.9633720166666667
KON_UPPER_AERODIGESTIVE_TRACT,0.0,0.0,0.0,0.0,0.0,0.9060374000000001
KP1N_PANCREAS,1.0,0.0,0.0,0.0,0.0,0.9694825966666668
KP3_PANCREAS,1.0,0.0,0.0,0.0,0.0,0.9203705566666667
KP4_PANCREAS,1.0,0.0,0.0,0.0,0.0,0.9864744833333333
KPNYN_AUTONOMIC_GANGLIA,0.0,0.0,0.0,0.0,0.0,0.97900323
KS1_CENTRAL_NERVOUS_SYSTEM,0.0,0.0,0.0,0.0,0.0,0.8825250250000001
KU812_HAEMATOPOIETIC_AND_LYMPHOID_TISSUE,0.0,0.0,0.0,0.0,0.0,0.9663363033333333
KURAMOCHI_OVARY,0.0,0.0,0.0,0.0,0.0,0.9447086166666666
KY821_HAEMATOPOIETIC_AND_LYMPHOID_TISSUE,0.0,1.0,0.0,0.0,0.0,0.991373
KYAE1_OESOPHAGUS,0.0,0.0,0.0,1.0,0.0,0.29365312499999996
KYSE150_OESOPHAGUS,0.0,0.0,0.0,0.0,0.0,0.9760995266666667
KYSE270_OESOPHAGUS,0.0,0.0,0.0,0.0,0.0,0.88258912
KYSE510_OESOPHAGUS,0.0,0.0,0.0,0.0,0.0,0.9356140433333334
L363_HAEMATOPOIETIC_AND_LYMPHOID_TISSUE,0.0,1.0,0.0,0.0,0.0,0.9782405
L428_HAEMATOPOIETIC_AND_LYMPHOID_TISSUE,0.0,0.0,0.0,0.0,0.0,0.9919566833333334
L540_HAEMATOPOIETIC_AND_LYMPHOID_TISSUE,0.0,0.0,0.0,0.0,0.0,0.973968195
LAN6_AUTONOMIC_GANGLIA,1.0,0.0,0.0,0.0,0.0,0.97920012
LB1047RCC_KIDNEY,0.0,0.0,0.0,0.0,0.0,0.669413
LB2241RCC_KIDNEY,0.0,0.0,0.0,0.0,0.0,0.28031300000000003
LB2518MEL_SKIN,0.0,1.0,0.0,0.0,0.0,0.9857670000000001
LB373MELD_SKIN,0.0,1.0,0.0,0.0,0.0,0.987138
LB647SCLC_LUNG,0.0,0.0,0.0,0.0,0.0,0.9824459999999999
LB996RCC_KIDNEY,0.0,0.0,0.0,0.0,0.0,0.780812
LC1SQSF_LUNG,0.0,0.0,0.0,0.0,1.0,0.8992720000000001
LC2AD_LUNG,0.0,0.0,0.0,0.0,0.0,0.964318
LC41_HAEMATOPOIETIC_AND_LYMPHOID_TISSUE,0.0,0.0,0.0,0.0,0.0,0.964593
LCLC103H_LUNG,0.0,0.0,0.0,0.0,0.0,0.9897589433333333
LCLC97TM1_LUNG,1.0,0.0,0.0,0.0,0.0,0.92599165
LOUCY_HAEMATOPOIETIC_AND_LYMPHOID_TISSUE,0.0,0.0,0.0,0.0,0.0,0.96881394
LOUNH91_LUNG,0.0,0.0,0.0,0.0,0.0,0.769
LS1034_LARGE_INTESTINE,1.0,0.0,0.0,0.0,0.0,0.97847263
LS123_LARGE_INTESTINE,1.0,0.0,0.0,0.0,0.0,0.8908939733333332
LU135_LUNG,0.0,0.0,0.0,0.0,0.0,0.99198146
LU65_LUNG,1.0,0.0,0.0,0.0,0.0,0.97982179
LXF289_LUNG,0.0,0.0,0.0,0.0,0.0,0.93683488
M059J_CENTRAL_NERVOUS_SYSTEM,0.0,0.0,0.0,0.0,0.0,0.9820800733333334
M14_SKIN,0.0,0.0,0.0,0.0,0.0,0.978144
MC116_HAEMATOPOIETIC_AND_LYMPHOID_TISSUE,0.0,0.0,0.0,0.0,0.0,0.9986197866666666
MCCAR_HAEMATOPOIETIC_AND_LYMPHOID_TISSUE,0.0,0.0,0.0,0.0,0.0,0.9742860000000001
MDAMB330_BREAST,0.0,0.0,0.0,1.0,0.0,0.81949043
MDAMB468_BREAST,0.0,0.0,1.0,0.0,0.0,0.8530995133333333
MDST8_LARGE_INTESTINE,0.0,0.0,0.0,0.0,0.0,0.9419323500000001
ME180_CERVIX,0.0,0.0,0.0,0.0,0.0,0.792452605
MEG01_HAEMATOPOIETIC_AND_LYMPHOID_TISSUE,0.0,0.0,0.0,0.0,0.0,0.9606997633333334
MELHO_SKIN,0.0,0.0,0.0,0.0,0.0,0.9829816433333334
MELJUSO_SKIN,0.0,1.0,0.0,0.0,0.0,0.9718399
MESSA_SOFT_TISSUE,0.0,0.0,0.0,0.0,0.0,0.98007441
MEWO_SKIN,0.0,0.0,0.0,0.0,0.0,0.95434121
MFHINO_SOFT_TISSUE,0.0,1.0,0.0,0.0,0.0,0.962443
MG63_BONE,0.0,0.0,0.0,0.0,0.0,0.94916
MHHES1_BONE,0.0,0.0,0.0,0.0,0.0,0.95380071
MHHPREB1_HAEMATOPOIETIC_AND_LYMPHOID_TISSUE,0.0,0.0,0.0,0.0,0.0,0.9388709999999999
ML1_THYROID,0.0,0.0,0.0,0.0,0.0,0.9621468100000001
ML2_HAEMATOPOIETIC_AND_LYMPHOID_TISSUE,1.0,0.0,0.0,0.0,0.0,0.9887090000000001
MLMA_HAEMATOPOIETIC_AND_LYMPHOID_TISSUE,0.0,0.0,0.0,0.0,0.0,0.960816
MMACSF_SKIN,0.0,0.0,0.0,0.0,0.0,0.983908
MN60_HAEMATOPOIETIC_AND_LYMPHOID_TISSUE,0.0,0.0,0.0,0.0,0.0,0.986434
MOGGCCM_CENTRAL_NERVOUS_SYSTEM,0.0,0.0,0.0,0.0,0.0,0.9752906566666666
MOGGUVW_CENTRAL_NERVOUS_SYSTEM,0.0,0.0,0.0,0.0,0.0,0.90480239
MOLT13_HAEMATOPOIETIC_AND_LYMPHOID_TISSUE,0.0,1.0,0.0,0.0,0.0,0.94937408
MOLT16_HAEMATOPOIETIC_AND_LYMPHOID_TISSUE,0.0,0.0,0.0,0.0,0.0,0.9405138399999999
MOLT4_HAEMATOPOIETIC_AND_LYMPHOID_TISSUE,0.0,1.0,0.0,0.0,0.0,0.960315985
MONOMAC6_HAEMATOPOIETIC_AND_LYMPHOID_TISSUE,0.0,0.0,0.0,0.0,0.0,0.923653015
MPP89_PLEURA,0.0,0.0,0.0,0.0,0.0,0.9242149
MRKNU1_BREAST,0.0,0.0,0.0,0.0,0.0,0.989476
MS751_CERVIX,0.0,0.0,0.0,0.0,0.0,0.97792154
MZ1PC_PANCREAS,1.0,0.0,0.0,0.0,0.0,0.8703559999999999
MZ2MEL_SKIN,0.0,1.0,0.0,0.0,0.0,0.9290940000000001
MZ7MEL_SKIN,0.0,0.0,0.0,0.0,0.0,0.9854219999999999
NALM6_HAEMATOPOIETIC_AND_LYMPHOID_TISSUE,0.0,1.0,0.0,0.0,0.0,0.967850925
NCC010_KIDNEY,0.0,0.0,0.0,0.0,0.0,0.91824
NCC021_KIDNEY,0.0,0.0,0.0,0.0,0.0,0.977988
NCIH1155_LUNG,1.0,0.0,0.0,0.0,0.0,0.9915275733333333
NCIH1304_LUNG,0.0,0.0,0.0,0.0,0.0,0.952692
NCIH1417_LUNG,0.0,0.0,0.0,0.0,0.0,0.951405085
NCIH1563_LUNG,0.0,0.0,0.0,0.0,0.0,0.9390117533333333
NCIH1568_LUNG,0.0,0.0,0.0,0.0,0.0,0.5345926200000001
NCIH1573_LUNG,1.0,1.0,1.0,0.0,0.0,0.97834956
NCIH1581_LUNG,0.0,0.0,0.0,0.0,0.0,0.9810539266666667
NCIH1623_LUNG,0.0,0.0,0.0,0.0,0.0,0.43083514
NCIH1648_LUNG,0.0,0.0,0.0,0.0,0.0,0.7372122500000001
NCIH1688_LUNG,0.0,0.0,0.0,0.0,0.0,0.98377
NCIH1755_LUNG,0.0,0.0,0.0,0.0,0.0,0.946817805
NCIH1770_LUNG,0.0,0.0,0.0,0.0,0.0,0.9573976100000001
NCIH1781_LUNG,0.0,0.0,0.0,0.0,0.0,0.485803035
NCIH1838_LUNG,0.0,0.0,1.0,0.0,0.0,0.93153155
NCIH187_LUNG,0.0,0.0,0.0,0.0,0.0,0.9854421950000001
NCIH1993_LUNG,0.0,0.0,0.0,0.0,0.0,0.98075601
NCIH2009_LUNG,1.0,0.0,0.0,0.0,0.0,0.9777542366666666
NCIH2023_LUNG,0.0,0.0,0.0,0.0,0.0,0.9341943666666667
NCIH2085_LUNG,0.0,0.0,0.0,0.0,0.0,0.954460895
NCIH2087_LUNG,0.0,1.0,0.0,0.0,0.0,0.9612705199999999
NCIH2110_LUNG,0.0,0.0,0.0,0.0,0.0,0.8985252699999999
NCIH2135_LUNG,0.0,1.0,0.0,0.0,0.0,0.9901136349999999
NCIH2141_LUNG,0.0,0.0,0.0,0.0,0.0,0.97507687
NCIH2291_LUNG,1.0,0.0,0.0,0.0,0.0,0.872191545
NCIH2342_LUNG,0.0,0.0,0.0,0.0,0.0,0.8972700100000001
NCIH2347_LUNG,1.0,1.0,0.0,0.0,0.0,0.934724585
NCIH2405_LUNG,0.0,0.0,0.0,0.0,0.0,0.9762030700000001
NCIH2444_LUNG,1.0,0.0,0.0,0.0,0.0,0.9852028466666667
NCIH2452_PLEURA,0.0,0.0,0.0,0.0,0.0,0.94045481
NCIH28_PLEURA,0.0,0.0,0.0,0.0,0.0,0.8316943866666667
NCIH322_LUNG,0.0,0.0,0.0,0.0,0.0,0.931741
NCIH345_LUNG,0.0,0.0,0.0,0.0,0.0,0.9852058050000001
NCIH441_LUNG,1.0,0.0,0.0,0.0,0.0,0.87572048
NCIH630_LARGE_INTESTINE,0.0,0.0,0.0,0.0,0.0,0.911008
NCIH647_LUNG,1.0,0.0,0.0,0.0,0.0,0.9747075366666667
NCIH716_LARGE_INTESTINE,1.0,0.0,0.0,0.0,0.0,0.9717433449999999
NCIH720_LUNG,0.0,0.0,0.0,0.0,0.0,0.9800049999999999
NCIH727_LUNG,1.0,0.0,0.0,0.0,0.0,0.9110890100000001
NCIH810_LUNG,0.0,0.0,0.0,0.0,0.0,0.9852190233333333
NCIH835_LUNG,0.0,0.0,0.0,0.0,0.0,0.9717979999999999
NCIH847_LUNG,0.0,0.0,0.0,0.0,0.0,0.990555805
NCIH929_HAEMATOPOIETIC_AND_LYMPHOID_TISSUE,0.0,1.0,0.0,0.0,0.0,0.961924775
NKM1_HAEMATOPOIETIC_AND_LYMPHOID_TISSUE,0.0,0.0,0.0,0.0,0.0,0.9135850000000001
NMCG1_CENTRAL_NERVOUS_SYSTEM,0.0,0.0,0.0,0.0,0.0,0.97041457
NO10_CENTRAL_NERVOUS_SYSTEM,0.0,0.0,0.0,0.0,0.0,0.9398410800000001
NO11_CENTRAL_NERVOUS_SYSTEM,0.0,0.0,0.0,0.0,0.0,0.97403355
NOMO1_HAEMATOPOIETIC_AND_LYMPHOID_TISSUE,1.0,0.0,0.0,0.0,0.0,0.808592815
NTERA2CLD1_TESTIS,0.0,0.0,0.0,0.0,0.0,0.895021
NUDUL1_HAEMATOPOIETIC_AND_LYMPHOID_TISSUE,1.0,0.0,0.0,0.0,0.0,0.99229977
NY_BONE,0.0,0.0,0.0,0.0,0.0,0.8891450000000001
OAW28_OVARY,0.0,0.0,0.0,0.0,0.0,0.91196762
OC314_OVARY,0.0,0.0,0.0,0.0,0.0,0.9361027333333333
OCIAML2_HAEMATOPOIETIC_AND_LYMPHOID_TISSUE,0.0,0.0,0.0,0.0,0.0,0.9912082833333332
OCIAML3_HAEMATOPOIETIC_AND_LYMPHOID_TISSUE,0.0,1.0,0.0,0.0,0.0,0.976729755
OCUBM_BREAST,0.0,0.0,0.0,1.0,0.0,0.5520930000000001
OE21_OESOPHAGUS,0.0,0.0,1.0,0.0,0.0,0.4526279833333333
OE33_OESOPHAGUS,0.0,0.0,0.0,1.0,0.0,0.9040469466666666
OMC1_CERVIX,0.0,0.0,0.0,0.0,0.0,0.947679
OSC19_UPPER_AERODIGESTIVE_TRACT,0.0,0.0,0.0,0.0,0.0,0.69541197
OSC20_UPPER_AERODIGESTIVE_TRACT,0.0,0.0,0.0,0.0,0.0,0.86516902
OV17R_OVARY,0.0,0.0,0.0,0.0,0.0,0.926265935
OVCA420_OVARY,0.0,0.0,0.0,0.0,0.0,0.269546
OVCA433_OVARY,0.0,0.0,0.0,0.0,0.0,0.89126
OVCAR5_OVARY,1.0,0.0,0.0,0.0,0.0,0.9122677100000001
OVISE_OVARY,0.0,0.0,0.0,0.0,0.0,0.76228537
OVKATE_OVARY,0.0,0.0,0.0,0.0,0.0,0.973849605
OVMIU_OVARY,0.0,0.0,0.0,0.0,0.0,0.23532199999999998
P12ICHIKAWA_HAEMATOPOIETIC_AND_LYMPHOID_TISSUE,0.0,1.0,0.0,0.0,0.0,0.9941475533333334
P31FUJ_HAEMATOPOIETIC_AND_LYMPHOID_TISSUE,0.0,1.0,0.0,0.0,0.0,0.9955714800000001
P32ISH_HAEMATOPOIETIC_AND_LYMPHOID_TISSUE,0.0,0.0,0.0,0.0,0.0,0.987376
PANC0813_PANCREAS,1.0,0.0,0.0,0.0,0.0,0.91726591
PECAPJ15_UPPER_AERODIGESTIVE_TRACT,0.0,0.0,0.0,0.0,0.0,0.755105235
PEO1_OVARY,0.0,0.0,0.0,0.0,0.0,0.888736985
PFSK1_CENTRAL_NERVOUS_SYSTEM,0.0,0.0,0.0,0.0,0.0,0.9726692
PL18_PANCREAS,0.0,0.0,0.0,0.0,0.0,0.9848049999999999
PL4_PANCREAS,1.0,0.0,0.0,0.0,0.0,0.9268709999999999
PSN1_PANCREAS,1.0,0.0,0.0,0.0,0.0,0.9860308333333334
PWR1E_PROSTATE,0.0,0.0,0.0,0.0,0.0,0.97986662
QIMRWIL_HAEMATOPOIETIC_AND_LYMPHOID_TISSUE,0.0,0.0,0.0,0.0,0.0,0.9856540000000001
RAJI_HAEMATOPOIETIC_AND_LYMPHOID_TISSUE,0.0,0.0,0.0,0.0,0.0,0.9773138333333332
RAMOS2G64C10_HAEMATOPOIETIC_AND_LYMPHOID_TISSUE,0.0,0.0,0.0,0.0,0.0,0.9861260000000001
RCC10RGB_KIDNEY,0.0,0.0,0.0,0.0,0.0,0.780905845
RCCAB_KIDNEY,0.0,0.0,0.0,0.0,0.0,0.6913060000000001
RCCER_KIDNEY,0.0,0.0,0.0,0.0,0.0,0.9578780000000001
RCCFG2_KIDNEY,0.0,0.0,0.0,0.0,0.0,0.872858
RCCJF_KIDNEY,0.0,0.0,0.0,0.0,0.0,0.8268979999999999
RCCJW_KIDNEY,0.0,0.0,0.0,0.0,0.0,0.9023180000000001
RCCMF_KIDNEY,0.0,0.0,0.0,0.0,0.0,0.761329
RCHACV_HAEMATOPOIETIC_AND_LYMPHOID_TISSUE,1.0,0.0,0.0,0.0,0.0,0.9771265600000001
RCK8_HAEMATOPOIETIC_AND_LYMPHOID_TISSUE,0.0,0.0,0.0,0.0,0.0,0.97247094
RCM1_LARGE_INTESTINE,1.0,0.0,0.0,0.0,0.0,0.912602245
RD_SOFT_TISSUE,0.0,1.0,0.0,0.0,0.0,0.94980994
REH_HAEMATOPOIETIC_AND_LYMPHOID_TISSUE,0.0,0.0,0.0,0.0,0.0,0.94051843
RERFLCKJ_LUNG,0.0,0.0,0.0,0.0,0.0,0.9739240199999999
RERFLCSQ1_LUNG,0.0,0.0,0.0,0.0,0.0,0.59978696
RH18_SOFT_TISSUE,0.0,0.0,0.0,0.0,0.0,0.962281115
RL_HAEMATOPOIETIC_AND_LYMPHOID_TISSUE,0.0,0.0,0.0,0.0,0.0,0.951458745
RO82W1_THYROID,0.0,0.0,0.0,0.0,0.0,0.954043515
ROS50_HAEMATOPOIETIC_AND_LYMPHOID_TISSUE,0.0,0.0,0.0,0.0,0.0,0.9819483900000001
RPMI6666_HAEMATOPOIETIC_AND_LYMPHOID_TISSUE,0.0,0.0,0.0,0.0,0.0,0.97234333
RPMI8866_HAEMATOPOIETIC_AND_LYMPHOID_TISSUE,0.0,0.0,0.0,0.0,0.0,0.928371
RS411_HAEMATOPOIETIC_AND_LYMPHOID_TISSUE,0.0,0.0,0.0,0.0,0.0,0.983766615
RT4_URINARY_TRACT,0.0,0.0,0.0,0.0,0.0,0.9861578366666667
RXF393_KIDNEY,0.0,0.0,0.0,0.0,0.0,0.9137129999999999
SAT_UPPER_AERODIGESTIVE_TRACT,0.0,0.0,0.0,0.0,1.0,0.383524075
SBC1_LUNG,0.0,0.0,0.0,0.0,0.0,0.964641
SBC3_LUNG,0.0,0.0,0.0,0.0,0.0,0.974925
SCC15_UPPER_AERODIGESTIVE_TRACT,0.0,0.0,0.0,0.0,0.0,0.34425827
SCC9_UPPER_AERODIGESTIVE_TRACT,0.0,0.0,0.0,0.0,0.0,0.42148178333333336
SCH_STOMACH,0.0,0.0,0.0,0.0,0.0,0.970184
SF126_CENTRAL_NERVOUS_SYSTEM,0.0,0.0,0.0,0.0,0.0,0.9824485933333333
SF268_CENTRAL_NERVOUS_SYSTEM,0.0,0.0,0.0,0.0,0.0,0.965342165
SF539_CENTRAL_NERVOUS_SYSTEM,0.0,0.0,0.0,0.0,0.0,0.964422145
SH4_SKIN,0.0,0.0,0.0,0.0,0.0,0.87016494
SISO_CERVIX,1.0,0.0,0.0,0.0,0.0,0.94562562
SJRH30_SOFT_TISSUE,0.0,0.0,0.0,0.0,0.0,0.9809098566666666
SJSA1_BONE,1.0,1.0,0.0,0.0,0.0,0.9637072533333334
SKGT2_STOMACH,0.0,0.0,0.0,1.0,0.0,0.130925025
SKM1_HAEMATOPOIETIC_AND_LYMPHOID_TISSUE,1.0,0.0,0.0,0.0,0.0,0.908046335
SKMEL1_SKIN,0.0,0.0,0.0,0.0,0.0,0.9858891999999999
SKMEL28_SKIN,0.0,0.0,0.0,0.0,0.0,0.955899055
SKMEL3_SKIN,0.0,0.0,0.0,0.0,0.0,0.9678798799999999
SKMM2_HAEMATOPOIETIC_AND_LYMPHOID_TISSUE,0.0,0.0,0.0,0.0,0.0,0.9860927166666666
SKNDZ_AUTONOMIC_GANGLIA,0.0,0.0,0.0,0.0,0.0,0.87885644
SKNFI_AUTONOMIC_GANGLIA,0.0,0.0,0.0,0.0,0.0,0.9848623666666666
SKNSH_AUTONOMIC_GANGLIA,0.0,1.0,0.0,0.0,0.0,0.96522935
SN12C_KIDNEY,0.0,0.0,0.0,0.0,0.0,0.900835
SNB75_CENTRAL_NERVOUS_SYSTEM,0.0,0.0,0.0,0.0,0.0,0.9266422999999999
SNU1040_LARGE_INTESTINE,0.0,0.0,0.0,0.0,0.0,0.9045591500000001
SNU398_LIVER,0.0,0.0,0.0,0.0,0.0,0.95659573
SNU5_STOMACH,0.0,0.0,0.0,0.0,0.0,0.9625360550000001
SNU81_LARGE_INTESTINE,1.0,1.0,0.0,0.0,0.0,0.97674573
SNUC1_LARGE_INTESTINE,0.0,0.0,0.0,0.0,0.0,0.942315865
SNUC2B_LARGE_INTESTINE,1.0,0.0,0.0,0.0,0.0,0.86808649
SNUC5_LARGE_INTESTINE,0.0,0.0,0.0,0.0,0.0,0.9617737049999999
ST486_HAEMATOPOIETIC_AND_LYMPHOID_TISSUE,0.0,0.0,0.0,0.0,0.0,0.989299945
STS0421_SOFT_TISSUE,0.0,0.0,0.0,0.0,0.0,0.9630549999999999
SU8686_PANCREAS,1.0,0.0,0.0,0.0,0.0,0.97492037
SUDHL16_HAEMATOPOIETIC_AND_LYMPHOID_TISSUE,0.0,0.0,0.0,0.0,0.0,0.9928889999999999
SUPB8_HAEMATOPOIETIC_AND_LYMPHOID_TISSUE,0.0,0.0,0.0,0.0,0.0,0.9786030000000001
SUPT1_HAEMATOPOIETIC_AND_LYMPHOID_TISSUE,0.0,0.0,0.0,0.0,0.0,0.98928971
SW1088_CENTRAL_NERVOUS_SYSTEM,0.0,1.0,0.0,0.0,0.0,0.937461095
SW1116_LARGE_INTESTINE,1.0,0.0,0.0,0.0,0.0,0.7624437749999999
SW1417_LARGE_INTESTINE,0.0,0.0,0.0,0.0,0.0,0.94264217
SW1463_LARGE_INTESTINE,1.0,0.0,0.0,0.0,0.0,0.770291125
SW1710_URINARY_TRACT,0.0,0.0,0.0,0.0,0.0,0.8863512600000001
SW620_LARGE_INTESTINE,1.0,0.0,0.0,0.0,0.0,0.98940552
SW684_SOFT_TISSUE,0.0,0.0,0.0,0.0,0.0,0.978159
SW756_CERVIX,1.0,0.0,0.0,0.0,0.0,0.98266996
SW780_URINARY_TRACT,0.0,0.0,0.0,0.0,0.0,0.9007149566666667
SW837_LARGE_INTESTINE,1.0,0.0,0.0,0.0,0.0,0.839067985
SW872_SOFT_TISSUE,0.0,0.0,0.0,0.0,0.0,0.975606
SW962_VULVA,0.0,0.0,0.0,0.0,0.0,0.954817
T98G_CENTRAL_NERVOUS_SYSTEM,0.0,0.0,0.0,0.0,0.0,0.9861558033333333
TCCSUP_URINARY_TRACT,0.0,0.0,0.0,0.0,0.0,0.98221693
TCYIK_CERVIX,0.0,0.0,0.0,0.0,0.0,0.9290579999999999
TE10_OESOPHAGUS,0.0,0.0,0.0,0.0,0.0,0.8895228350000001
TE15_OESOPHAGUS,0.0,0.0,0.0,0.0,0.0,0.6710196433333334
TE4_OESOPHAGUS,0.0,0.0,0.0,1.0,0.0,0.06445426
TE6_OESOPHAGUS,0.0,0.0,0.0,0.0,0.0,0.85911465
TE8_OESOPHAGUS,0.0,0.0,1.0,0.0,0.0,0.9621679249999999
TE9_OESOPHAGUS,0.0,0.0,0.0,0.0,0.0,0.9624191566666668
TGBC11TKB_STOMACH,1.0,0.0,0.0,0.0,0.0,0.975717795
TGBC24TKB_BILIARY_TRACT,0.0,0.0,0.0,0.0,0.0,0.7503449999999999
TGW_AUTONOMIC_GANGLIA,0.0,0.0,0.0,0.0,0.0,0.98413443
TK_HAEMATOPOIETIC_AND_LYMPHOID_TISSUE,0.0,0.0,0.0,0.0,0.0,0.978125
TK10_KIDNEY,0.0,0.0,0.0,0.0,0.0,0.472451185
TMK1_STOMACH,0.0,0.0,0.0,0.0,0.0,0.9344110000000001
TOV112D_OVARY,0.0,0.0,0.0,0.0,0.0,0.7666684266666667
TT2609C02_THYROID,0.0,1.0,0.0,0.0,0.0,0.9787399666666667
TUR_HAEMATOPOIETIC_AND_LYMPHOID_TISSUE,0.0,0.0,0.0,0.0,0.0,0.9324209999999999
U118MG_CENTRAL_NERVOUS_SYSTEM,0.0,0.0,0.0,0.0,0.0,0.9821917033333333
U266B1_HAEMATOPOIETIC_AND_LYMPHOID_TISSUE,0.0,0.0,0.0,0.0,0.0,0.956843975
UACC62_SKIN,0.0,0.0,0.0,0.0,0.0,0.9680909766666667
UMC11_LUNG,0.0,0.0,0.0,0.0,0.0,0.987424135
UMUC3_URINARY_TRACT,1.0,0.0,0.0,0.0,1.0,0.97365847
UWB1289_OVARY,0.0,0.0,0.0,0.0,0.0,0.7754570700000001
VAESBJ_SOFT_TISSUE,0.0,0.0,0.0,0.0,0.0,0.9763733649999999
VAL_HAEMATOPOIETIC_AND_LYMPHOID_TISSUE,0.0,0.0,0.0,0.0,0.0,0.963514625
VCAP_PROSTATE,0.0,0.0,0.0,0.0,0.0,0.9839872350000001
VMRCLCD_LUNG,0.0,0.0,0.0,0.0,0.0,0.9923914466666667
VMRCMELG_SKIN,0.0,0.0,0.0,0.0,0.0,0.98771133
VMRCRCW_KIDNEY,0.0,0.0,0.0,0.0,0.0,0.966001
VMRCRCZ_KIDNEY,0.0,0.0,0.0,0.0,0.0,0.9477356433333334
WIL2NS_HAEMATOPOIETIC_AND_LYMPHOID_TISSUE,1.0,0.0,0.0,0.0,0.0,0.978849
WM115_SKIN,0.0,0.0,0.0,0.0,0.0,0.97643472
WM1552C_SKIN,0.0,0.0,0.0,0.0,0.0,0.9696040000000001
WM278_SKIN,0.0,0.0,0.0,0.0,0.0,0.98177
WM35_SKIN,0.0,0.0,0.0,0.0,0.0,0.966801
WSUNHL_HAEMATOPOIETIC_AND_LYMPHOID_TISSUE,0.0,0.0,0.0,0.0,0.0,0.989604795
YAPC_PANCREAS,1.0,0.0,0.0,0.0,0.0,0.84713887
YH13_CENTRAL_NERVOUS_SYSTEM,0.0,0.0,0.0,0.0,0.0,0.903264745
YKG1_CENTRAL_NERVOUS_SYSTEM,0.0,0.0,0.0,0.0,0.0,0.9695163500000001
YT_HAEMATOPOIETIC_AND_LYMPHOID_TISSUE,0.0,0.0,0.0,0.0,0.0,0.9915700000000001
ZR7530_BREAST,0.0,0.0,0.0,1.0,0.0,0.5502629666666667
DAUDI_HAEMATOPOIETIC_AND_LYMPHOID_TISSUE,1.0,0.0,0.0,0.0,0.0,0.98649447
HEL_HAEMATOPOIETIC_AND_LYMPHOID_TISSUE,0.0,0.0,0.0,0.0,0.0,0.9842698249999999
HS633T_SOFT_TISSUE,1.0,0.0,0.0,0.0,0.0,0.9901610000000001
IGR37_SKIN,0.0,0.0,0.0,0.0,0.0,0.98823586
JHH2_LIVER,0.0,0.0,0.0,0.0,1.0,0.9712838399999999
JHH4_LIVER,0.0,0.0,0.0,0.0,0.0,0.9559290033333333
LC1SQ_LUNG,0.0,0.0,0.0,0.0,0.0,0.9170020000000001
NCIH1395_LUNG,0.0,0.0,0.0,0.0,0.0,0.9643439250000001
PC3JPC3_LUNG,0.0,0.0,0.0,0.0,0.0,0.284692
SW156_KIDNEY,0.0,0.0,0.0,0.0,0.0,0.82505125
SKNBE2_AUTONOMIC_GANGLIA,0.0,0.0,0.0,0.0,0.0,0.9173785
