Cell_line,MYC_mut,RB1_mut,ERBB2_amp,BRAF_mut,KRAS_mut,NRAS_mut,CI-1040
22RV1_PROSTATE,0.0,0.0,0.0,1.0,0.0,0.0,0.94793191
A253_SALIVARY_GLAND,0.0,0.0,0.0,0.0,0.0,0.0,0.933897
A427_LUNG,0.0,0.0,0.0,0.0,1.0,0.0,0.75598495
A431_SKIN,0.0,0.0,0.0,0.0,0.0,0.0,0.8283334
A4FUK_HAEMATOPOIETIC_AND_LYMPHOID_TISSUE,1.0,0.0,0.0,0.0,0.0,0.0,0.781660035
ALLSIL_HAEMATOPOIETIC_AND_LYMPHOID_TISSUE,0.0,0.0,0.0,0.0,0.0,0.0,0.928910015
BICR78_UPPER_AERODIGESTIVE_TRACT,0.0,0.0,0.0,0.0,0.0,0.0,0.5773035150000001
CADOES1_BONE,0.0,0.0,0.0,0.0,0.0,0.0,0.965899125
CCFSTTG1_CENTRAL_NERVOUS_SYSTEM,0.0,0.0,0.0,1.0,0.0,0.0,0.9827336799999999
CL11_LARGE_INTESTINE,0.0,0.0,0.0,0.0,1.0,0.0,0.510135435
CORL23_LUNG,0.0,0.0,0.0,0.0,1.0,0.0,0.8613543499999999
D283MED_CENTRAL_NERVOUS_SYSTEM,0.0,0.0,0.0,0.0,0.0,0.0,0.96237865
DMS53_LUNG,0.0,0.0,0.0,0.0,0.0,0.0,0.98127003
DOV13_OVARY,0.0,0.0,0.0,0.0,0.0,0.0,0.793238655
EGI1_BILIARY_TRACT,0.0,0.0,0.0,0.0,1.0,0.0,0.754480985
ESO26_OESOPHAGUS,0.0,0.0,1.0,0.0,0.0,0.0,0.952202365
ESO51_OESOPHAGUS,0.0,0.0,0.0,0.0,0.0,0.0,0.794214845
FLO1_OESOPHAGUS,0.0,0.0,0.0,0.0,0.0,0.0,0.898429975
G401_SOFT_TISSUE,0.0,0.0,0.0,0.0,0.0,0.0,0.878999125
G402_SOFT_TISSUE,0.0,0.0,0.0,0.0,0.0,0.0,0.9421116700000001
GIMEN_AUTONOMIC_GANGLIA,0.0,0.0,0.0,0.0,0.0,0.0,0.792679025
K562_HAEMATOPOIETIC_AND_LYMPHOID_TISSUE,0.0,0.0,0.0,0.0,0.0,0.0,0.68629721
KYSE140_OESOPHAGUS,0.0,0.0,0.0,0.0,0.0,0.0,0.892310135
NCIH1048_LUNG,0.0,1.0,0.0,0.0,0.0,1.0,0.8737560900000001
NCIH1092_LUNG,0.0,0.0,0.0,0.0,0.0,0.0,0.973008385
NCIH3122_LUNG,0.0,0.0,0.0,0.0,0.0,0.0,0.811824965
NCIH446_LUNG,0.0,1.0,0.0,0.0,0.0,0.0,0.9825916800000001
NCIH526_LUNG,0.0,1.0,0.0,0.0,0.0,0.0,0.98669304
OACM51_OESOPHAGUS,0.0,0.0,0.0,0.0,0.0,0.0,0.9459387750000001
OCUM1_STOMACH,0.0,0.0,0.0,0.0,0.0,0.0,0.37262012499999997
PF382_HAEMATOPOIETIC_AND_LYMPHOID_TISSUE,1.0,0.0,0.0,0.0,0.0,1.0,0.98790778
RH41_SOFT_TISSUE,0.0,0.0,0.0,0.0,0.0,0.0,0.96502982
SAOS2_BONE,0.0,1.0,0.0,0.0,0.0,0.0,0.92731858
SIHA_CERVIX,0.0,0.0,0.0,0.0,0.0,0.0,0.942218465
SKES1_BONE,0.0,0.0,0.0,0.0,0.0,0.0,0.9506048
SKGT4_OESOPHAGUS,0.0,0.0,0.0,0.0,1.0,0.0,0.62540982
SKPNDW_BONE,0.0,1.0,0.0,0.0,0.0,0.0,0.905841155
SW13_ADRENAL_CORTEX,0.0,0.0,0.0,0.0,0.0,0.0,0.881972975
SW626_OVARY,0.0,0.0,0.0,0.0,1.0,0.0,0.74900476
SW954_VULVA,0.0,0.0,0.0,0.0,0.0,0.0,0.82036013
SW982_SOFT_TISSUE,0.0,0.0,0.0,1.0,0.0,0.0,0.7338163150000001
AMO1_HAEMATOPOIETIC_AND_LYMPHOID_TISSUE,0.0,0.0,0.0,0.0,1.0,0.0,0.910210965
BL41_HAEMATOPOIETIC_AND_LYMPHOID_TISSUE,1.0,0.0,0.0,0.0,0.0,0.0,0.913741615
CALU3_LUNG,0.0,0.0,1.0,0.0,0.0,0.0,0.9001386499999999
CL40_LARGE_INTESTINE,0.0,0.0,0.0,0.0,1.0,0.0,0.832273775
CMK_HAEMATOPOIETIC_AND_LYMPHOID_TISSUE,0.0,0.0,0.0,0.0,0.0,0.0,0.94402928
CMLT1_HAEMATOPOIETIC_AND_LYMPHOID_TISSUE,0.0,0.0,0.0,0.0,0.0,0.0,0.855177735
COLO783_SKIN,0.0,0.0,0.0,1.0,0.0,0.0,0.68298044
CORL95_LUNG,0.0,1.0,0.0,0.0,0.0,0.0,0.98092481
DMS79_LUNG,0.0,1.0,0.0,0.0,0.0,0.0,0.98260851
DND41_HAEMATOPOIETIC_AND_LYMPHOID_TISSUE,0.0,1.0,0.0,0.0,1.0,1.0,0.82689459
EJM_HAEMATOPOIETIC_AND_LYMPHOID_TISSUE,0.0,0.0,0.0,0.0,0.0,0.0,0.909094225
ESS1_ENDOMETRIUM,0.0,1.0,0.0,0.0,0.0,0.0,0.9115874033333333
GDM1_HAEMATOPOIETIC_AND_LYMPHOID_TISSUE,0.0,0.0,0.0,0.0,0.0,0.0,0.98718708
GRANTA519_HAEMATOPOIETIC_AND_LYMPHOID_TISSUE,0.0,0.0,0.0,0.0,0.0,0.0,0.9440600233333333
HCC1143_BREAST,0.0,0.0,0.0,0.0,0.0,0.0,0.790044765
HCC1395_BREAST,0.0,0.0,0.0,0.0,0.0,0.0,0.9672697450000001
HCC78_LUNG,1.0,0.0,0.0,0.0,0.0,0.0,0.96248444
HEYA8_OVARY,0.0,0.0,0.0,1.0,1.0,0.0,0.715545
HS578T_BREAST,0.0,0.0,0.0,0.0,0.0,0.0,0.750151185
HS766T_PANCREAS,0.0,0.0,0.0,0.0,1.0,0.0,0.62788758
HS939T_SKIN,0.0,0.0,0.0,1.0,0.0,0.0,0.706854385
HSC4_UPPER_AERODIGESTIVE_TRACT,0.0,0.0,0.0,0.0,0.0,0.0,0.381239945
HT_HAEMATOPOIETIC_AND_LYMPHOID_TISSUE,0.0,1.0,0.0,0.0,0.0,0.0,0.984528885
HUH1_LIVER,0.0,0.0,0.0,0.0,0.0,0.0,0.8883140700000001
JHOS2_OVARY,0.0,0.0,0.0,0.0,0.0,0.0,0.681042945
JHOS4_OVARY,1.0,0.0,0.0,0.0,0.0,0.0,0.9744818
JIMT1_BREAST,0.0,0.0,1.0,0.0,0.0,0.0,0.8455323299999999
JJN3_HAEMATOPOIETIC_AND_LYMPHOID_TISSUE,0.0,0.0,0.0,0.0,0.0,1.0,0.6996078450000001
JM1_HAEMATOPOIETIC_AND_LYMPHOID_TISSUE,1.0,0.0,0.0,0.0,0.0,0.0,0.96196003
JURKAT_HAEMATOPOIETIC_AND_LYMPHOID_TISSUE,0.0,1.0,0.0,1.0,0.0,0.0,0.957213725
JURLMK1_HAEMATOPOIETIC_AND_LYMPHOID_TISSUE,0.0,0.0,0.0,0.0,0.0,0.0,0.188177755
KARPAS620_HAEMATOPOIETIC_AND_LYMPHOID_TISSUE,0.0,0.0,0.0,0.0,1.0,0.0,0.827814595
KCL22_HAEMATOPOIETIC_AND_LYMPHOID_TISSUE,0.0,0.0,0.0,1.0,0.0,0.0,0.881404115
KMRC2_KIDNEY,0.0,0.0,0.0,0.0,0.0,0.0,0.847927
KMS11_HAEMATOPOIETIC_AND_LYMPHOID_TISSUE,0.0,0.0,0.0,0.0,0.0,0.0,0.9402984733333333
KMS12BM_HAEMATOPOIETIC_AND_LYMPHOID_TISSUE,0.0,0.0,0.0,0.0,0.0,0.0,0.8809587433333333
KOPN8_HAEMATOPOIETIC_AND_LYMPHOID_TISSUE,0.0,0.0,0.0,0.0,1.0,0.0,0.708188625
KP2_PANCREAS,0.0,0.0,0.0,0.0,1.0,0.0,0.73356106
L1236_HAEMATOPOIETIC_AND_LYMPHOID_TISSUE,0.0,0.0,0.0,0.0,0.0,0.0,0.874372595
LP1_HAEMATOPOIETIC_AND_LYMPHOID_TISSUE,0.0,0.0,0.0,0.0,0.0,0.0,0.970450485
MDAMB415_BREAST,0.0,0.0,0.0,1.0,0.0,0.0,0.9305385333333334
MDAMB436_BREAST,0.0,0.0,0.0,1.0,0.0,0.0,0.8792185800000001
ME1_HAEMATOPOIETIC_AND_LYMPHOID_TISSUE,0.0,0.0,0.0,0.0,0.0,1.0,0.610335445
MFE296_ENDOMETRIUM,0.0,0.0,0.0,0.0,0.0,0.0,0.93177197
MHHCALL2_HAEMATOPOIETIC_AND_LYMPHOID_TISSUE,0.0,0.0,0.0,0.0,0.0,0.0,0.96044716
MM1S_HAEMATOPOIETIC_AND_LYMPHOID_TISSUE,0.0,0.0,0.0,0.0,1.0,0.0,0.789452715
MOLM13_HAEMATOPOIETIC_AND_LYMPHOID_TISSUE,0.0,0.0,0.0,0.0,0.0,0.0,0.9073823000000001
MOLM16_HAEMATOPOIETIC_AND_LYMPHOID_TISSUE,0.0,0.0,0.0,0.0,0.0,0.0,0.76855478
MOLP8_HAEMATOPOIETIC_AND_LYMPHOID_TISSUE,0.0,0.0,0.0,0.0,0.0,1.0,0.8005601149999999
NAMALWA_HAEMATOPOIETIC_AND_LYMPHOID_TISSUE,1.0,0.0,0.0,0.0,0.0,0.0,0.87205168
NB1_AUTONOMIC_GANGLIA,0.0,0.0,0.0,1.0,0.0,0.0,0.9059027150000001
NB4_HAEMATOPOIETIC_AND_LYMPHOID_TISSUE,0.0,0.0,0.0,0.0,1.0,0.0,0.255564075
NCIH1341_LUNG,0.0,0.0,0.0,0.0,0.0,0.0,0.95835972
NCIH1436_LUNG,0.0,0.0,0.0,0.0,0.0,0.0,0.974313095
NCIH1836_LUNG,0.0,0.0,0.0,0.0,0.0,0.0,0.9846578300000001
NCIH1944_LUNG,0.0,0.0,0.0,0.0,1.0,0.0,0.8268430733333334
NCIH2172_LUNG,0.0,1.0,0.0,0.0,0.0,0.0,0.975097835
NUGC4_STOMACH,0.0,0.0,0.0,0.0,0.0,0.0,0.823832275
OCIAML5_HAEMATOPOIETIC_AND_LYMPHOID_TISSUE,0.0,0.0,0.0,0.0,0.0,0.0,0.74435769
OCILY19_HAEMATOPOIETIC_AND_LYMPHOID_TISSUE,0.0,0.0,0.0,0.0,0.0,1.0,0.7165921849999999
OCIM1_HAEMATOPOIETIC_AND_LYMPHOID_TISSUE,0.0,0.0,0.0,0.0,0.0,0.0,0.897460275
OV90_OVARY,0.0,0.0,0.0,1.0,0.0,0.0,0.45714112500000004
OVTOKO_OVARY,0.0,0.0,0.0,0.0,0.0,0.0,0.8141588799999999
PANC0203_PANCREAS,0.0,0.0,0.0,0.0,1.0,0.0,0.47923799499999997
PANC0403_PANCREAS,0.0,0.0,0.0,1.0,1.0,0.0,0.673388575
PATU8902_PANCREAS,0.0,0.0,0.0,0.0,1.0,0.0,0.7089497433333335
PL21_HAEMATOPOIETIC_AND_LYMPHOID_TISSUE,1.0,0.0,0.0,0.0,1.0,0.0,0.47486164999999997
RKN_SOFT_TISSUE,0.0,0.0,0.0,0.0,1.0,0.0,0.57246944
RPMI8402_HAEMATOPOIETIC_AND_LYMPHOID_TISSUE,0.0,0.0,0.0,0.0,0.0,0.0,0.9736552533333334
SF295_CENTRAL_NERVOUS_SYSTEM,0.0,0.0,0.0,0.0,0.0,0.0,0.879883915
SIMA_AUTONOMIC_GANGLIA,0.0,0.0,0.0,0.0,0.0,0.0,0.9202222866666666
SKMEL31_SKIN,0.0,0.0,0.0,1.0,0.0,0.0,0.9147162633333333
SNGM_ENDOMETRIUM,0.0,0.0,0.0,0.0,1.0,0.0,0.914179345
SNU61_LARGE_INTESTINE,0.0,0.0,0.0,0.0,1.0,0.0,0.8998131999999999
SUDHL4_HAEMATOPOIETIC_AND_LYMPHOID_TISSUE,0.0,0.0,0.0,0.0,0.0,0.0,0.9970461766666666
SUDHL5_HAEMATOPOIETIC_AND_LYMPHOID_TISSUE,1.0,0.0,0.0,0.0,0.0,0.0,0.8704607600000001
SUDHL6_HAEMATOPOIETIC_AND_LYMPHOID_TISSUE,0.0,0.0,0.0,0.0,0.0,0.0,0.844521945
SUPHD1_HAEMATOPOIETIC_AND_LYMPHOID_TISSUE,0.0,0.0,0.0,0.0,0.0,0.0,0.880073815
SUPM2_HAEMATOPOIETIC_AND_LYMPHOID_TISSUE,0.0,0.0,0.0,0.0,0.0,0.0,0.9037666
SW1271_LUNG,1.0,0.0,0.0,1.0,0.0,1.0,0.7094395849999999
SW1353_BONE,0.0,0.0,0.0,0.0,0.0,0.0,0.881753
SW1573_LUNG,0.0,0.0,0.0,0.0,1.0,0.0,0.87240379
TE617T_SOFT_TISSUE,0.0,0.0,0.0,0.0,0.0,0.0,0.908872
TOV21G_OVARY,0.0,0.0,0.0,0.0,1.0,0.0,0.8050744599999999
TT_OESOPHAGUS,0.0,0.0,0.0,0.0,0.0,0.0,0.84632416
TYKNU_OVARY,0.0,0.0,0.0,0.0,0.0,1.0,0.52399913
WM793_SKIN,0.0,0.0,0.0,1.0,0.0,0.0,0.7835133249999999
WSUDLCL2_HAEMATOPOIETIC_AND_LYMPHOID_TISSUE,0.0,0.0,0.0,0.0,0.0,0.0,0.9243871349999999
2313287_STOMACH,0.0,0.0,0.0,0.0,0.0,0.0,0.878929715
5637_URINARY_TRACT,0.0,1.0,0.0,0.0,0.0,0.0,0.9310105766666666
A2780_OVARY,0.0,0.0,0.0,1.0,0.0,0.0,0.67885008
A375_SKIN,0.0,0.0,0.0,1.0,0.0,0.0,0.23857176
A549_LUNG,0.0,0.0,0.0,0.0,1.0,0.0,0.68402435
AGS_STOMACH,0.0,0.0,0.0,0.0,1.0,0.0,0.593046745
C2BBE1_LARGE_INTESTINE,0.0,0.0,0.0,0.0,0.0,0.0,0.50883435
CAKI1_KIDNEY,0.0,1.0,0.0,0.0,0.0,0.0,0.8289225
CAL27_UPPER_AERODIGESTIVE_TRACT,0.0,0.0,0.0,0.0,0.0,1.0,0.5609377333333333
CHP212_AUTONOMIC_GANGLIA,0.0,0.0,0.0,0.0,0.0,1.0,0.12444626333333335
COLO668_LUNG,0.0,1.0,0.0,0.0,1.0,0.0,0.9710220199999999
CORL279_LUNG,0.0,0.0,0.0,0.0,0.0,1.0,0.97484556
CORL88_LUNG,0.0,1.0,0.0,0.0,0.0,0.0,0.9695251599999999
DAOY_CENTRAL_NERVOUS_SYSTEM,0.0,0.0,0.0,0.0,0.0,0.0,0.926945365
DB_HAEMATOPOIETIC_AND_LYMPHOID_TISSUE,0.0,0.0,0.0,0.0,0.0,0.0,0.979599725
DMS114_LUNG,0.0,0.0,0.0,0.0,0.0,0.0,0.9206155800000001
DMS273_LUNG,0.0,1.0,0.0,0.0,0.0,0.0,0.9127027699999999
DU145_PROSTATE,0.0,1.0,0.0,0.0,0.0,0.0,0.8774445733333334
EFO27_OVARY,1.0,0.0,0.0,0.0,0.0,0.0,0.757834975
FADU_UPPER_AERODIGESTIVE_TRACT,0.0,0.0,0.0,0.0,0.0,0.0,0.76914509
FU97_STOMACH,0.0,0.0,0.0,0.0,0.0,0.0,0.89458264
G361_SKIN,0.0,0.0,0.0,1.0,0.0,0.0,0.569411805
GCIY_STOMACH,0.0,0.0,0.0,0.0,0.0,0.0,0.856635565
HARA_LUNG,0.0,0.0,0.0,0.0,0.0,0.0,0.847655695
HCC15_LUNG,0.0,1.0,0.0,0.0,0.0,1.0,0.44798086000000004
HCC44_LUNG,0.0,1.0,0.0,0.0,1.0,0.0,0.68803965
HCT116_LARGE_INTESTINE,0.0,0.0,0.0,0.0,1.0,0.0,0.7926915133333333
HCT15_LARGE_INTESTINE,0.0,0.0,0.0,0.0,1.0,0.0,0.90966719
HGC27_STOMACH,0.0,0.0,0.0,0.0,0.0,0.0,0.9626140466666667
HS746T_STOMACH,0.0,0.0,0.0,0.0,0.0,0.0,0.8619542200000001
HT29_LARGE_INTESTINE,0.0,0.0,0.0,1.0,0.0,0.0,0.61052865
KATOIII_STOMACH,0.0,0.0,0.0,0.0,0.0,0.0,0.908905335
KNS62_LUNG,0.0,0.0,0.0,0.0,0.0,0.0,0.677509455
KYSE410_OESOPHAGUS,0.0,0.0,1.0,0.0,1.0,0.0,0.665877665
KYSE450_OESOPHAGUS,0.0,0.0,0.0,0.0,0.0,0.0,0.91111612
MKN45_STOMACH,0.0,0.0,0.0,0.0,0.0,0.0,0.8454855433333334
MKN7_STOMACH,0.0,0.0,1.0,0.0,0.0,0.0,0.87265535
MSTO211H_PLEURA,0.0,0.0,0.0,0.0,0.0,0.0,0.84601609
NCIH1105_LUNG,0.0,1.0,0.0,0.0,0.0,0.0,0.965864725
NCIH1437_LUNG,0.0,0.0,0.0,0.0,0.0,0.0,0.5422839100000001
NCIH146_LUNG,0.0,1.0,0.0,0.0,0.0,0.0,0.9814864750000001
NCIH1651_LUNG,0.0,0.0,0.0,1.0,0.0,0.0,0.955847245
NCIH1666_LUNG,0.0,0.0,0.0,1.0,0.0,0.0,0.4843260833333333
NCIH1694_LUNG,0.0,1.0,0.0,0.0,0.0,0.0,0.9557808
NCIH1876_LUNG,0.0,1.0,0.0,0.0,0.0,1.0,0.812966785
NCIH1963_LUNG,0.0,1.0,0.0,0.0,0.0,0.0,0.9525343749999999
NCIH2029_LUNG,0.0,1.0,0.0,0.0,0.0,0.0,0.98176383
NCIH2052_PLEURA,0.0,0.0,0.0,0.0,0.0,0.0,0.9157707399999999
NCIH2081_LUNG,0.0,1.0,0.0,0.0,0.0,0.0,0.9655134400000001
NCIH209_LUNG,0.0,1.0,0.0,0.0,0.0,0.0,0.907317325
NCIH211_LUNG,0.0,0.0,0.0,0.0,0.0,0.0,0.938191485
NCIH2122_LUNG,0.0,0.0,0.0,0.0,1.0,0.0,0.8274637333333333
NCIH2227_LUNG,0.0,1.0,0.0,1.0,0.0,0.0,0.94867681
NCIH510_LUNG,0.0,1.0,0.0,0.0,0.0,0.0,0.883327545
NCIH524_LUNG,0.0,1.0,0.0,0.0,0.0,0.0,0.967107485
NCIH650_LUNG,0.0,0.0,0.0,0.0,1.0,0.0,0.931852785
NCIH661_LUNG,0.0,0.0,0.0,0.0,0.0,0.0,0.9141429666666667
NCIH69_LUNG,1.0,1.0,0.0,0.0,0.0,0.0,0.97356804
NCIH747_LARGE_INTESTINE,0.0,0.0,0.0,0.0,1.0,0.0,0.7689475750000001
NCIH82_LUNG,0.0,1.0,0.0,0.0,0.0,0.0,0.953630665
NCIH841_LUNG,0.0,0.0,0.0,0.0,0.0,0.0,0.905812055
NCIN87_STOMACH,0.0,0.0,1.0,0.0,0.0,0.0,0.7951703099999999
ONS76_CENTRAL_NERVOUS_SYSTEM,0.0,0.0,0.0,0.0,0.0,1.0,0.6136130833333332
OPM2_HAEMATOPOIETIC_AND_LYMPHOID_TISSUE,0.0,0.0,0.0,0.0,0.0,0.0,0.98182842
PC14_LUNG,0.0,0.0,0.0,0.0,0.0,0.0,0.91121273
RERFLCMS_LUNG,0.0,0.0,0.0,0.0,0.0,0.0,0.816573965
RKO_LARGE_INTESTINE,1.0,0.0,0.0,1.0,0.0,0.0,0.8319667500000001
SBC5_LUNG,0.0,0.0,0.0,0.0,0.0,0.0,0.8186394
SCC25_UPPER_AERODIGESTIVE_TRACT,0.0,0.0,0.0,0.0,0.0,0.0,0.8134495850000001
SCC4_UPPER_AERODIGESTIVE_TRACT,0.0,0.0,0.0,0.0,0.0,0.0,0.858916365
SHP77_LUNG,0.0,0.0,0.0,0.0,1.0,0.0,0.9784684966666667
SKHEP1_LIVER,0.0,0.0,0.0,1.0,0.0,0.0,0.774005005
SKLMS1_SOFT_TISSUE,0.0,0.0,0.0,0.0,0.0,0.0,0.77838919
SKMEL30_SKIN,0.0,0.0,0.0,1.0,0.0,1.0,0.81663577
SKMES1_LUNG,0.0,0.0,0.0,0.0,0.0,0.0,0.80199859
SKOV3_OVARY,0.0,0.0,1.0,0.0,0.0,0.0,0.9126402849999999
SNU16_STOMACH,0.0,0.0,0.0,1.0,1.0,0.0,0.9551820900000001
SNU1_STOMACH,0.0,0.0,0.0,1.0,1.0,0.0,0.92673542
SNU387_LIVER,0.0,0.0,0.0,0.0,0.0,1.0,0.702417495
TE11_OESOPHAGUS,0.0,0.0,0.0,0.0,0.0,0.0,0.881259255
TE5_OESOPHAGUS,0.0,0.0,0.0,0.0,0.0,0.0,0.84197501
U2OS_BONE,0.0,0.0,0.0,0.0,0.0,0.0,0.76032252
U87MG_CENTRAL_NERVOUS_SYSTEM,0.0,0.0,0.0,0.0,0.0,0.0,0.8606957500000001
UACC257_SKIN,0.0,0.0,0.0,1.0,0.0,0.0,0.5750007
8305C_THYROID,0.0,0.0,0.0,1.0,0.0,0.0,0.7325677766666666
A101D_SKIN,0.0,0.0,0.0,1.0,0.0,0.0,0.516935185
A2058_SKIN,0.0,1.0,0.0,1.0,0.0,0.0,0.802473425
A3KAW_HAEMATOPOIETIC_AND_LYMPHOID_TISSUE,1.0,0.0,0.0,0.0,0.0,0.0,0.964443995
A704_KIDNEY,0.0,0.0,0.0,0.0,0.0,0.0,0.92644382
ABC1_LUNG,0.0,0.0,0.0,0.0,0.0,0.0,0.8622820499999999
ACHN_KIDNEY,0.0,0.0,0.0,0.0,0.0,0.0,0.737467685
AN3CA_ENDOMETRIUM,0.0,0.0,0.0,0.0,0.0,0.0,0.8194826133333333
AU565_BREAST,0.0,0.0,1.0,0.0,0.0,0.0,0.910722745
BT20_BREAST,0.0,1.0,0.0,0.0,0.0,0.0,0.8708751699999999
BT474_BREAST,0.0,0.0,1.0,0.0,0.0,0.0,0.985746255
BT483_BREAST,0.0,0.0,0.0,0.0,0.0,0.0,0.897867415
CAL120_BREAST,0.0,0.0,0.0,0.0,0.0,0.0,0.904057605
CAL51_BREAST,0.0,0.0,0.0,0.0,0.0,0.0,0.926760895
CAL851_BREAST,0.0,1.0,0.0,0.0,0.0,0.0,0.883946535
CALU6_LUNG,0.0,0.0,0.0,0.0,1.0,0.0,0.77904727
CAPAN1_PANCREAS,0.0,0.0,0.0,0.0,1.0,0.0,0.8266792300000001
CAS1_CENTRAL_NERVOUS_SYSTEM,0.0,0.0,0.0,0.0,0.0,0.0,0.930501675
CCK81_LARGE_INTESTINE,0.0,0.0,0.0,1.0,0.0,0.0,0.92081817
DANG_PANCREAS,0.0,0.0,0.0,0.0,1.0,0.0,0.891642955
DETROIT562_UPPER_AERODIGESTIVE_TRACT,0.0,0.0,0.0,0.0,0.0,0.0,0.8951096
DU4475_BREAST,0.0,0.0,0.0,1.0,0.0,0.0,0.24373909
EBC1_LUNG,0.0,0.0,0.0,0.0,0.0,0.0,0.6916810333333333
EFM192A_BREAST,0.0,0.0,1.0,0.0,0.0,0.0,0.9545759999999999
EFM19_BREAST,0.0,0.0,0.0,0.0,0.0,0.0,0.93500014
EFO21_OVARY,0.0,0.0,0.0,0.0,0.0,0.0,0.9133932366666667
EOL1_HAEMATOPOIETIC_AND_LYMPHOID_TISSUE,0.0,0.0,0.0,0.0,0.0,0.0,0.508657825
ES2_OVARY,0.0,0.0,0.0,1.0,0.0,0.0,0.8281725550000001
FUOV1_OVARY,0.0,0.0,0.0,0.0,0.0,0.0,0.850679065
GB1_CENTRAL_NERVOUS_SYSTEM,0.0,0.0,0.0,0.0,0.0,0.0,0.9149839399999999
GI1_CENTRAL_NERVOUS_SYSTEM,1.0,1.0,0.0,0.0,0.0,0.0,0.9602542199999999
H4_CENTRAL_NERVOUS_SYSTEM,0.0,0.0,0.0,0.0,0.0,0.0,0.801198625
HCC1187_BREAST,0.0,0.0,0.0,0.0,0.0,0.0,0.93642116
HCC1419_BREAST,0.0,0.0,1.0,0.0,0.0,0.0,0.9045683200000001
HCC1428_BREAST,0.0,0.0,0.0,0.0,0.0,0.0,0.93702451
HCC1500_BREAST,0.0,0.0,0.0,0.0,0.0,0.0,0.93852514
HCC1569_BREAST,0.0,0.0,1.0,0.0,0.0,0.0,0.9759765133333334
HCC1937_BREAST,0.0,0.0,0.0,0.0,0.0,0.0,0.86807397
HCC1954_BREAST,0.0,0.0,1.0,0.0,0.0,0.0,0.9186336333333335
HCC202_BREAST,0.0,0.0,1.0,0.0,0.0,0.0,0.9478418550000001
HCC2157_BREAST,0.0,0.0,0.0,0.0,0.0,0.0,0.930491825
HCC38_BREAST,0.0,0.0,0.0,0.0,0.0,0.0,0.944962525
HCC70_BREAST,0.0,1.0,0.0,0.0,0.0,0.0,0.8467944266666668
HCC827_LUNG,0.0,0.0,0.0,0.0,0.0,0.0,0.85666515
HDQP1_BREAST,0.0,0.0,0.0,0.0,0.0,0.0,0.83403867
HT115_LARGE_INTESTINE,0.0,0.0,0.0,1.0,0.0,0.0,0.94037036
HT1376_URINARY_TRACT,0.0,1.0,0.0,0.0,0.0,0.0,0.9406624766666667
HUTU80_SMALL_INTESTINE,0.0,0.0,0.0,0.0,0.0,0.0,0.847128755
IGROV1_OVARY,0.0,1.0,0.0,0.0,0.0,0.0,0.9010687766666666
JHH1_LIVER,0.0,0.0,0.0,0.0,0.0,0.0,0.406406435
JHH7_LIVER,0.0,0.0,0.0,0.0,0.0,0.0,0.8947673033333333
KARPAS299_HAEMATOPOIETIC_AND_LYMPHOID_TISSUE,0.0,0.0,0.0,0.0,0.0,0.0,0.8927766133333334
KLE_ENDOMETRIUM,0.0,0.0,0.0,0.0,0.0,0.0,0.9211359333333333
KM12_LARGE_INTESTINE,0.0,0.0,0.0,1.0,0.0,0.0,0.737237965
KNS81_CENTRAL_NERVOUS_SYSTEM,0.0,0.0,0.0,0.0,0.0,0.0,0.886865
KU1919_URINARY_TRACT,0.0,0.0,0.0,0.0,0.0,1.0,0.740958235
KYM1_SOFT_TISSUE,0.0,0.0,0.0,0.0,0.0,0.0,0.90120515
KYSE520_OESOPHAGUS,0.0,0.0,0.0,0.0,0.0,0.0,0.8166398766666667
KYSE70_OESOPHAGUS,0.0,0.0,0.0,0.0,0.0,0.0,0.88873546
LAMA84_HAEMATOPOIETIC_AND_LYMPHOID_TISSUE,0.0,0.0,0.0,0.0,0.0,0.0,0.444713735
LK2_LUNG,0.0,0.0,0.0,0.0,0.0,0.0,0.988784015
LN18_CENTRAL_NERVOUS_SYSTEM,0.0,0.0,0.0,0.0,0.0,0.0,0.9674287966666667
LN229_CENTRAL_NERVOUS_SYSTEM,0.0,0.0,0.0,0.0,0.0,0.0,0.80843407
LOVO_LARGE_INTESTINE,0.0,0.0,0.0,0.0,1.0,0.0,0.638049605
LS180_LARGE_INTESTINE,0.0,0.0,0.0,1.0,1.0,0.0,0.81891275
LS411N_LARGE_INTESTINE,0.0,0.0,0.0,1.0,0.0,0.0,0.615006245
LS513_LARGE_INTESTINE,0.0,0.0,0.0,1.0,1.0,0.0,0.59444514
MCF7_BREAST,0.0,0.0,0.0,0.0,0.0,0.0,0.9452818266666667
MDAMB175VII_BREAST,0.0,0.0,0.0,0.0,0.0,0.0,0.882049995
MDAMB231_BREAST,0.0,0.0,0.0,1.0,1.0,0.0,0.772589635
MDAMB361_BREAST,0.0,0.0,1.0,1.0,0.0,0.0,0.88278224
MDAMB453_BREAST,0.0,0.0,0.0,0.0,0.0,0.0,0.958267795
MFE280_ENDOMETRIUM,0.0,0.0,0.0,0.0,0.0,0.0,0.939518135
MIAPACA2_PANCREAS,0.0,0.0,0.0,0.0,1.0,0.0,0.5562183
MV411_HAEMATOPOIETIC_AND_LYMPHOID_TISSUE,0.0,0.0,0.0,0.0,0.0,0.0,0.6778728249999999
NCIH1435_LUNG,0.0,0.0,0.0,0.0,0.0,0.0,0.97415271
NCIH1693_LUNG,0.0,0.0,0.0,0.0,0.0,0.0,0.72684375
NCIH1703_LUNG,0.0,0.0,0.0,0.0,0.0,0.0,0.912860435
NCIH1792_LUNG,0.0,0.0,0.0,0.0,1.0,0.0,0.81388651
NCIH1869_LUNG,0.0,0.0,0.0,0.0,0.0,0.0,0.8660581199999999
NCIH1975_LUNG,0.0,0.0,0.0,0.0,0.0,0.0,0.8354677866666668
NCIH226_LUNG,0.0,0.0,0.0,0.0,0.0,0.0,0.8797948800000001
NCIH23_LUNG,0.0,0.0,0.0,0.0,1.0,0.0,0.76426299
NCIH358_LUNG,0.0,0.0,0.0,0.0,1.0,0.0,0.71943034
NCIH460_LUNG,0.0,0.0,0.0,0.0,1.0,0.0,0.6476693
NCIH508_LARGE_INTESTINE,0.0,0.0,0.0,1.0,0.0,0.0,0.71211351
NCIH520_LUNG,0.0,0.0,0.0,0.0,0.0,0.0,0.98757672
NCIH596_LUNG,0.0,1.0,0.0,0.0,0.0,0.0,0.9270738550000001
NCIH838_LUNG,0.0,0.0,0.0,0.0,0.0,0.0,0.89097512
OAW42_OVARY,0.0,0.0,0.0,0.0,0.0,0.0,0.844134255
OE19_OESOPHAGUS,0.0,0.0,1.0,0.0,0.0,0.0,0.9502354900000001
OSRC2_KIDNEY,0.0,0.0,0.0,0.0,0.0,0.0,0.7812526850000001
OV56_OVARY,0.0,0.0,0.0,0.0,1.0,0.0,0.8320423499999998
OV7_OVARY,0.0,1.0,0.0,0.0,1.0,0.0,0.734707095
OVCAR4_OVARY,0.0,0.0,0.0,0.0,0.0,0.0,0.81250038
OVCAR8_OVARY,0.0,0.0,0.0,0.0,1.0,0.0,0.889827945
OVK18_OVARY,0.0,0.0,0.0,0.0,1.0,0.0,0.64984218
PANC0327_PANCREAS,0.0,0.0,0.0,0.0,1.0,0.0,0.75076321
PATU8988T_PANCREAS,0.0,0.0,0.0,0.0,1.0,0.0,0.8390315
QGP1_PANCREAS,0.0,0.0,0.0,0.0,1.0,0.0,0.9312019033333333
RL952_ENDOMETRIUM,1.0,0.0,0.0,1.0,0.0,0.0,0.506910145
RMGI_OVARY,0.0,0.0,0.0,0.0,0.0,0.0,0.95350004
RPMI7951_SKIN,0.0,0.0,0.0,1.0,0.0,0.0,0.794888695
RPMI8226_HAEMATOPOIETIC_AND_LYMPHOID_TISSUE,0.0,0.0,0.0,0.0,1.0,0.0,0.69208862
RVH421_SKIN,0.0,0.0,0.0,1.0,0.0,0.0,0.5470326299999999
SKMEL24_SKIN,0.0,0.0,0.0,1.0,0.0,0.0,0.713897455
SKMEL2_SKIN,0.0,0.0,0.0,0.0,0.0,1.0,0.499619315
SKMEL5_SKIN,0.0,0.0,0.0,1.0,0.0,0.0,0.55642032
SKNAS_AUTONOMIC_GANGLIA,0.0,1.0,0.0,0.0,0.0,1.0,0.6377514950000001
SKUT1_SOFT_TISSUE,0.0,1.0,0.0,0.0,0.0,0.0,0.86544152
SNU407_LARGE_INTESTINE,0.0,0.0,0.0,1.0,1.0,0.0,0.725586775
SNU449_LIVER,0.0,0.0,0.0,0.0,0.0,0.0,0.9157228333333333
SUIT2_PANCREAS,0.0,0.0,0.0,0.0,1.0,0.0,0.67625163
SW1783_CENTRAL_NERVOUS_SYSTEM,0.0,1.0,0.0,0.0,0.0,0.0,0.962554645
SW1990_PANCREAS,0.0,0.0,0.0,0.0,1.0,0.0,0.8543137
SW48_LARGE_INTESTINE,0.0,0.0,0.0,0.0,0.0,0.0,0.82036427
SW948_LARGE_INTESTINE,0.0,0.0,0.0,0.0,1.0,0.0,0.8537778949999999
T47D_BREAST,0.0,0.0,0.0,0.0,0.0,0.0,0.942115875
T84_LARGE_INTESTINE,0.0,0.0,0.0,0.0,1.0,0.0,0.9787231949999999
TE1_OESOPHAGUS,0.0,1.0,0.0,1.0,0.0,0.0,0.8831067699999999
THP1_HAEMATOPOIETIC_AND_LYMPHOID_TISSUE,0.0,0.0,0.0,0.0,0.0,1.0,0.936497355
U251MG_CENTRAL_NERVOUS_SYSTEM,0.0,0.0,0.0,0.0,0.0,0.0,0.8730069
UACC893_BREAST,0.0,0.0,1.0,0.0,0.0,0.0,0.8957539999999999
201T_LUNG,0.0,0.0,0.0,0.0,0.0,0.0,0.944127
42MGBA_CENTRAL_NERVOUS_SYSTEM,0.0,1.0,0.0,0.0,0.0,0.0,0.855340505
639V_URINARY_TRACT,0.0,1.0,0.0,0.0,1.0,1.0,0.7326282433333334
647V_URINARY_TRACT,0.0,1.0,0.0,0.0,0.0,0.0,0.87995274
697_HAEMATOPOIETIC_AND_LYMPHOID_TISSUE,0.0,0.0,0.0,0.0,0.0,1.0,0.8317492900000001
8505C_THYROID,0.0,0.0,0.0,1.0,0.0,0.0,0.6925026999999999
8MGBA_CENTRAL_NERVOUS_SYSTEM,0.0,0.0,0.0,0.0,0.0,0.0,0.7747984750000001
A388_SKIN,0.0,0.0,0.0,0.0,0.0,0.0,0.8554237899999999
A498_KIDNEY,0.0,0.0,0.0,0.0,0.0,0.0,0.87725218
ALLPO_HAEMATOPOIETIC_AND_LYMPHOID_TISSUE,0.0,0.0,0.0,0.0,0.0,0.0,0.508989
AM38_CENTRAL_NERVOUS_SYSTEM,0.0,0.0,0.0,1.0,0.0,0.0,0.8716944
ARH77_HAEMATOPOIETIC_AND_LYMPHOID_TISSUE,0.0,0.0,0.0,0.0,0.0,0.0,0.9648700000000001
ASH3_THYROID,0.0,0.0,0.0,0.0,0.0,1.0,0.691851035
ASPC1_PANCREAS,0.0,0.0,0.0,0.0,1.0,0.0,0.743790955
BALL1_HAEMATOPOIETIC_AND_LYMPHOID_TISSUE,0.0,0.0,0.0,0.0,0.0,0.0,0.97264
BB65RCC_KIDNEY,0.0,0.0,0.0,0.0,0.0,0.0,0.665399
BC1_HAEMATOPOIETIC_AND_LYMPHOID_TISSUE,0.0,0.0,0.0,0.0,0.0,0.0,0.9358120000000001
BE13_HAEMATOPOIETIC_AND_LYMPHOID_TISSUE,0.0,0.0,0.0,0.0,0.0,0.0,0.818403
BECKER_CENTRAL_NERVOUS_SYSTEM,0.0,0.0,0.0,0.0,0.0,0.0,0.9024570299999999
BFTC905_URINARY_TRACT,0.0,0.0,0.0,0.0,0.0,1.0,0.768820705
BHT101_THYROID,0.0,0.0,0.0,1.0,0.0,0.0,0.39524982500000005
BICR10_UPPER_AERODIGESTIVE_TRACT,0.0,0.0,0.0,1.0,0.0,0.0,0.90747233
BICR22_UPPER_AERODIGESTIVE_TRACT,0.0,0.0,0.0,0.0,0.0,0.0,0.664093115
BT549_BREAST,0.0,0.0,0.0,0.0,0.0,0.0,0.9682430133333333
BV173_HAEMATOPOIETIC_AND_LYMPHOID_TISSUE,0.0,0.0,0.0,0.0,0.0,0.0,0.59959451
BXPC3_PANCREAS,0.0,0.0,0.0,1.0,0.0,0.0,0.862051255
C32_SKIN,0.0,0.0,0.0,1.0,0.0,0.0,0.37344494666666667
C33A_CERVIX,0.0,1.0,0.0,1.0,0.0,0.0,0.919398845
C3A_LIVER,0.0,0.0,0.0,0.0,0.0,1.0,0.9296467799999999
C4I_CERVIX,0.0,0.0,0.0,0.0,0.0,0.0,0.811365525
CA46_HAEMATOPOIETIC_AND_LYMPHOID_TISSUE,1.0,0.0,0.0,0.0,0.0,0.0,0.94559907
CAL12T_LUNG,0.0,1.0,0.0,1.0,0.0,0.0,0.8226117
CAL29_URINARY_TRACT,0.0,0.0,0.0,0.0,0.0,0.0,0.76928522
CAL33_UPPER_AERODIGESTIVE_TRACT,0.0,0.0,0.0,0.0,0.0,0.0,0.55730278
CAL62_THYROID,0.0,0.0,0.0,0.0,1.0,0.0,0.60734471
CAL72_BONE,0.0,0.0,0.0,0.0,0.0,0.0,0.75945367
CAL78_BONE,0.0,0.0,0.0,0.0,0.0,0.0,0.976431205
CAOV4_OVARY,0.0,0.0,0.0,0.0,0.0,0.0,0.8283133950000001
CAPAN2_PANCREAS,0.0,0.0,0.0,0.0,1.0,0.0,0.81522598
CASKI_CERVIX,0.0,0.0,0.0,0.0,0.0,0.0,0.90348866
CCRFCEM_HAEMATOPOIETIC_AND_LYMPHOID_TISSUE,0.0,0.0,0.0,0.0,1.0,0.0,0.796724415
CESS_HAEMATOPOIETIC_AND_LYMPHOID_TISSUE,0.0,0.0,0.0,0.0,0.0,0.0,0.907443
CFPAC1_PANCREAS,0.0,0.0,0.0,0.0,1.0,0.0,0.859151255
CGTHW1_THYROID,0.0,0.0,0.0,0.0,0.0,0.0,0.854219555
CHL1_SKIN,0.0,0.0,0.0,0.0,0.0,0.0,0.72617882
CHP126_AUTONOMIC_GANGLIA,0.0,0.0,0.0,0.0,0.0,0.0,0.8884268449999999
CHSA0011_BONE,0.0,0.0,0.0,0.0,0.0,0.0,0.875906
CHSA0108_BONE,0.0,0.0,0.0,0.0,0.0,0.0,0.874993
CHSA8926_BONE,0.0,0.0,0.0,0.0,0.0,0.0,0.934529
CL34_LARGE_INTESTINE,0.0,0.0,0.0,1.0,0.0,0.0,0.6574964400000001
COLO205_LARGE_INTESTINE,0.0,0.0,0.0,1.0,0.0,0.0,0.618712565
COLO320_LARGE_INTESTINE,0.0,0.0,0.0,0.0,0.0,0.0,0.986995
COLO678_LARGE_INTESTINE,0.0,0.0,0.0,0.0,1.0,0.0,0.74162096
COLO679_SKIN,0.0,0.0,0.0,1.0,0.0,0.0,0.42757484666666673
COLO680N_OESOPHAGUS,0.0,0.0,0.0,0.0,0.0,0.0,0.875889095
COLO684_ENDOMETRIUM,0.0,1.0,0.0,0.0,0.0,0.0,0.919770835
COLO800_SKIN,0.0,0.0,0.0,1.0,0.0,0.0,0.957025865
CP50MELB_SKIN,0.0,0.0,0.0,1.0,0.0,0.0,0.34787199999999996
CP66MEL_SKIN,0.0,0.0,0.0,0.0,0.0,1.0,0.379696
CPCN_LUNG,0.0,1.0,0.0,0.0,0.0,0.0,0.9849245
CROAP2_HAEMATOPOIETIC_AND_LYMPHOID_TISSUE,0.0,0.0,0.0,0.0,0.0,0.0,0.9415180000000001
CS1_BONE,0.0,0.0,0.0,0.0,0.0,0.0,0.9013629999999999
CTB1_HAEMATOPOIETIC_AND_LYMPHOID_TISSUE,1.0,0.0,0.0,0.0,0.0,0.0,0.88665
CTV1_HAEMATOPOIETIC_AND_LYMPHOID_TISSUE,0.0,0.0,0.0,0.0,0.0,0.0,0.911993
CW2_LARGE_INTESTINE,0.0,0.0,0.0,0.0,1.0,0.0,0.9545487149999999
DBTRG05MG_CENTRAL_NERVOUS_SYSTEM,0.0,0.0,0.0,1.0,0.0,0.0,0.74281317
DEL_HAEMATOPOIETIC_AND_LYMPHOID_TISSUE,0.0,0.0,0.0,0.0,0.0,0.0,0.9864508333333334
DG75_HAEMATOPOIETIC_AND_LYMPHOID_TISSUE,1.0,0.0,0.0,0.0,0.0,0.0,0.933444
DIFI_LARGE_INTESTINE,0.0,0.0,0.0,0.0,0.0,0.0,0.797133
DJM1_SKIN,0.0,0.0,0.0,0.0,0.0,0.0,0.8676659999999999
DKMG_CENTRAL_NERVOUS_SYSTEM,0.0,0.0,0.0,0.0,0.0,0.0,0.795109025
DOHH2_HAEMATOPOIETIC_AND_LYMPHOID_TISSUE,1.0,0.0,0.0,0.0,0.0,0.0,0.784733565
DOTC24510_CERVIX,0.0,0.0,0.0,0.0,0.0,0.0,0.93452298
EB2_HAEMATOPOIETIC_AND_LYMPHOID_TISSUE,1.0,0.0,0.0,0.0,0.0,0.0,0.96914345
EB3_HAEMATOPOIETIC_AND_LYMPHOID_TISSUE,1.0,0.0,0.0,0.0,0.0,0.0,0.954052
ECC10_STOMACH,0.0,1.0,0.0,0.0,0.0,0.0,0.8842828899999999
ECGI10_OESOPHAGUS,0.0,0.0,0.0,0.0,0.0,0.0,0.893878535
EHEB_HAEMATOPOIETIC_AND_LYMPHOID_TISSUE,0.0,0.0,0.0,0.0,0.0,0.0,0.868259675
EKVX_LUNG,1.0,0.0,0.0,0.0,0.0,0.0,0.815228325
EM2_HAEMATOPOIETIC_AND_LYMPHOID_TISSUE,0.0,0.0,0.0,0.0,0.0,0.0,0.59266828
EMCBAC1_LUNG,0.0,0.0,0.0,0.0,0.0,0.0,0.853952
EMCBAC2_LUNG,0.0,0.0,0.0,0.0,1.0,0.0,0.848224
EN_ENDOMETRIUM,0.0,0.0,0.0,1.0,0.0,0.0,0.939406615
EPLC272H_LUNG,0.0,0.0,0.0,0.0,0.0,0.0,0.780231325
ES1_BONE,0.0,0.0,0.0,0.0,0.0,0.0,0.81113
ES4_BONE,0.0,0.0,0.0,0.0,0.0,0.0,0.8454969999999999
ES5_BONE,0.0,0.0,0.0,0.0,0.0,0.0,0.9377409999999999
ES6_BONE,0.0,0.0,0.0,0.0,0.0,0.0,0.9486530000000001
ES7_BONE,0.0,0.0,0.0,0.0,0.0,0.0,0.878815
ES8_BONE,0.0,0.0,0.0,0.0,0.0,0.0,0.92909
ETK1_BILIARY_TRACT,0.0,0.0,0.0,0.0,0.0,0.0,0.8731979999999999
EVSAT_BREAST,0.0,0.0,0.0,0.0,0.0,0.0,0.940559495
EW11_BONE,0.0,0.0,0.0,0.0,0.0,0.0,0.904198
EW13_BONE,0.0,0.0,0.0,0.0,0.0,0.0,0.9750139999999999
EW16_BONE,0.0,0.0,0.0,0.0,0.0,0.0,0.8647219999999999
EW18_BONE,0.0,0.0,0.0,0.0,0.0,0.0,0.9756889999999999
EW1_BONE,0.0,0.0,0.0,0.0,0.0,0.0,0.937989
EW22_BONE,0.0,0.0,0.0,0.0,0.0,0.0,0.9393540000000001
EW24_BONE,0.0,0.0,0.0,0.0,0.0,0.0,0.967577
EW3_BONE,0.0,0.0,0.0,0.0,0.0,0.0,0.942068
EW7_BONE,0.0,0.0,0.0,0.0,0.0,0.0,0.9751540000000001
FARAGE_HAEMATOPOIETIC_AND_LYMPHOID_TISSUE,0.0,0.0,0.0,0.0,0.0,0.0,0.851032005
FTC133_THYROID,0.0,1.0,0.0,0.0,0.0,0.0,0.8466760500000001
G292CLONEA141B1_BONE,0.0,0.0,0.0,0.0,0.0,0.0,0.9086100850000001
GA10_HAEMATOPOIETIC_AND_LYMPHOID_TISSUE,1.0,0.0,0.0,0.0,0.0,1.0,0.8715603599999999
GAK_SKIN,0.0,0.0,0.0,0.0,0.0,1.0,0.761058
GMEL_SKIN,1.0,0.0,0.0,1.0,0.0,0.0,0.229669
GMS10_CENTRAL_NERVOUS_SYSTEM,0.0,1.0,0.0,0.0,0.0,0.0,0.89701824
GOTO_AUTONOMIC_GANGLIA,0.0,0.0,0.0,0.0,0.0,1.0,0.941227085
GRST_HAEMATOPOIETIC_AND_LYMPHOID_TISSUE,1.0,1.0,0.0,1.0,1.0,0.0,0.780862
H9_HAEMATOPOIETIC_AND_LYMPHOID_TISSUE,0.0,0.0,0.0,0.0,0.0,1.0,0.805649
HA7RCC_KIDNEY,0.0,0.0,0.0,0.0,0.0,0.0,0.879742
HAL01_HAEMATOPOIETIC_AND_LYMPHOID_TISSUE,0.0,0.0,0.0,0.0,0.0,1.0,0.628628
HC1_HAEMATOPOIETIC_AND_LYMPHOID_TISSUE,0.0,0.0,0.0,0.0,0.0,0.0,0.932622
HCC2218_BREAST,0.0,0.0,1.0,1.0,0.0,0.0,0.977175865
HCC2998_LARGE_INTESTINE,0.0,1.0,0.0,0.0,1.0,0.0,0.600327105
HCC56_LARGE_INTESTINE,0.0,0.0,0.0,0.0,1.0,0.0,0.673566565
HDLM2_HAEMATOPOIETIC_AND_LYMPHOID_TISSUE,0.0,0.0,0.0,0.0,0.0,0.0,0.914011395
HDMYZ_HAEMATOPOIETIC_AND_LYMPHOID_TISSUE,0.0,0.0,0.0,0.0,0.0,1.0,0.6454771800000001
HEC1_ENDOMETRIUM,0.0,0.0,0.0,0.0,1.0,0.0,0.9747049249999999
HH_HAEMATOPOIETIC_AND_LYMPHOID_TISSUE,0.0,0.0,0.0,0.0,0.0,0.0,0.9043307866666667
HL60_HAEMATOPOIETIC_AND_LYMPHOID_TISSUE,0.0,0.0,0.0,0.0,0.0,1.0,0.286105985
HN_UPPER_AERODIGESTIVE_TRACT,0.0,0.0,0.0,0.0,0.0,0.0,0.6987393049999999
HOP62_LUNG,0.0,0.0,0.0,0.0,1.0,0.0,0.83245999
HOP92_LUNG,0.0,0.0,0.0,0.0,0.0,0.0,0.755871425
HOS_BONE,0.0,0.0,0.0,0.0,0.0,0.0,0.8406468549999999
HS683_CENTRAL_NERVOUS_SYSTEM,0.0,0.0,0.0,0.0,0.0,0.0,0.966473235
HSC2_UPPER_AERODIGESTIVE_TRACT,0.0,0.0,0.0,0.0,0.0,0.0,0.8652042366666667
HSC39_STOMACH,0.0,0.0,0.0,0.0,0.0,0.0,0.955499
HT1080_SOFT_TISSUE,0.0,0.0,0.0,0.0,0.0,1.0,0.6745936
HT1197_URINARY_TRACT,0.0,0.0,0.0,0.0,0.0,1.0,0.91771185
HT3_CERVIX,0.0,1.0,0.0,0.0,0.0,0.0,0.8979834250000001
HUCCT1_BILIARY_TRACT,0.0,1.0,0.0,0.0,1.0,0.0,0.805170035
HUH7_LIVER,0.0,0.0,0.0,0.0,0.0,0.0,0.83877979
HUO3N1_BONE,0.0,0.0,0.0,0.0,0.0,0.0,0.9770790000000001
HUO9_BONE,0.0,1.0,0.0,0.0,0.0,0.0,0.90011526
HUPT3_PANCREAS,0.0,0.0,0.0,0.0,1.0,0.0,0.63826708
HUPT4_PANCREAS,0.0,0.0,0.0,0.0,1.0,0.0,0.56769831
IGR1_SKIN,0.0,0.0,0.0,1.0,0.0,0.0,0.9316383300000001
IHH4_THYROID,0.0,0.0,0.0,1.0,0.0,0.0,0.6257689500000001
IM9_HAEMATOPOIETIC_AND_LYMPHOID_TISSUE,0.0,0.0,0.0,0.0,0.0,1.0,0.912868
IPC298_SKIN,0.0,0.0,0.0,0.0,0.0,1.0,0.4531708266666667
ISTMEL1_SKIN,0.0,0.0,0.0,1.0,0.0,0.0,0.8612
ISTSL1_LUNG,0.0,1.0,0.0,0.0,0.0,0.0,0.923681
ISTSL2_LUNG,0.0,1.0,0.0,1.0,0.0,0.0,0.903876
JEG3_PLACENTA,0.0,0.0,0.0,0.0,0.0,0.0,0.936383945
JEKO1_HAEMATOPOIETIC_AND_LYMPHOID_TISSUE,0.0,0.0,0.0,1.0,0.0,0.0,0.9132386699999999
JHH6_LIVER,0.0,0.0,0.0,0.0,0.0,0.0,0.87641327
JHOS3_OVARY,0.0,0.0,0.0,0.0,0.0,0.0,0.832752
JIYOYEP2003_HAEMATOPOIETIC_AND_LYMPHOID_TISSUE,1.0,0.0,0.0,0.0,0.0,0.0,0.930182
JSC1_HAEMATOPOIETIC_AND_LYMPHOID_TISSUE,0.0,0.0,0.0,0.0,0.0,1.0,0.8060039999999999
JVM2_HAEMATOPOIETIC_AND_LYMPHOID_TISSUE,0.0,0.0,0.0,0.0,0.0,0.0,0.774274975
JVM3_HAEMATOPOIETIC_AND_LYMPHOID_TISSUE,0.0,0.0,0.0,1.0,0.0,0.0,0.659394955
K2_SKIN,0.0,0.0,0.0,1.0,0.0,0.0,0.544941
K5_THYROID,0.0,0.0,0.0,1.0,0.0,0.0,0.426257
KARPAS1106P_HAEMATOPOIETIC_AND_LYMPHOID_TISSUE,0.0,0.0,0.0,0.0,0.0,0.0,0.865641
KARPAS231_HAEMATOPOIETIC_AND_LYMPHOID_TISSUE,1.0,1.0,0.0,0.0,0.0,0.0,0.853778
KARPAS422_HAEMATOPOIETIC_AND_LYMPHOID_TISSUE,0.0,0.0,0.0,0.0,0.0,0.0,0.9602107449999999
KARPAS45_HAEMATOPOIETIC_AND_LYMPHOID_TISSUE,1.0,0.0,0.0,0.0,0.0,0.0,0.9693309999999999
KASUMI1_HAEMATOPOIETIC_AND_LYMPHOID_TISSUE,0.0,0.0,0.0,0.0,0.0,0.0,0.68927216
KE37_HAEMATOPOIETIC_AND_LYMPHOID_TISSUE,0.0,0.0,0.0,0.0,0.0,1.0,0.904335845
KELLY_AUTONOMIC_GANGLIA,0.0,0.0,0.0,0.0,0.0,0.0,0.8962706899999999
KGN_OVARY,0.0,0.0,0.0,0.0,0.0,0.0,0.8426610000000001
KMH2_HAEMATOPOIETIC_AND_LYMPHOID_TISSUE,0.0,0.0,0.0,0.0,0.0,0.0,0.9671309849999999
KMOE2_HAEMATOPOIETIC_AND_LYMPHOID_TISSUE,0.0,0.0,0.0,1.0,0.0,1.0,0.21163800000000002
KMRC1_KIDNEY,0.0,0.0,0.0,0.0,0.0,0.0,0.892362825
KMRC20_KIDNEY,0.0,0.0,0.0,0.0,0.0,0.0,0.8484112450000001
KNS42_CENTRAL_NERVOUS_SYSTEM,0.0,0.0,0.0,0.0,0.0,0.0,0.94369272
KON_UPPER_AERODIGESTIVE_TRACT,0.0,0.0,0.0,0.0,0.0,0.0,0.85007417
KP1N_PANCREAS,0.0,0.0,0.0,0.0,1.0,0.0,0.89176489
KP3_PANCREAS,0.0,0.0,0.0,0.0,1.0,0.0,0.8931999799999999
KPNYN_AUTONOMIC_GANGLIA,0.0,0.0,0.0,0.0,0.0,0.0,0.939625955
KS1_CENTRAL_NERVOUS_SYSTEM,0.0,0.0,0.0,0.0,0.0,0.0,0.800674155
KU812_HAEMATOPOIETIC_AND_LYMPHOID_TISSUE,0.0,0.0,0.0,0.0,0.0,0.0,0.6372039199999999
KURAMOCHI_OVARY,0.0,0.0,0.0,0.0,0.0,0.0,0.93136426
KY821_HAEMATOPOIETIC_AND_LYMPHOID_TISSUE,0.0,0.0,0.0,0.0,0.0,1.0,0.757925
KYAE1_OESOPHAGUS,0.0,0.0,1.0,0.0,0.0,0.0,0.8032267200000001
KYSE150_OESOPHAGUS,0.0,0.0,0.0,0.0,0.0,0.0,0.942331035
KYSE510_OESOPHAGUS,0.0,0.0,0.0,0.0,0.0,0.0,0.85128421
L363_HAEMATOPOIETIC_AND_LYMPHOID_TISSUE,0.0,0.0,0.0,0.0,0.0,1.0,0.92976679
L428_HAEMATOPOIETIC_AND_LYMPHOID_TISSUE,0.0,0.0,0.0,0.0,0.0,0.0,0.9731703999999999
L540_HAEMATOPOIETIC_AND_LYMPHOID_TISSUE,0.0,0.0,0.0,0.0,0.0,0.0,0.9756376
LAN6_AUTONOMIC_GANGLIA,0.0,0.0,0.0,0.0,1.0,0.0,0.7360917149999999
LB1047RCC_KIDNEY,0.0,0.0,0.0,0.0,0.0,0.0,0.788538
LB2241RCC_KIDNEY,0.0,0.0,0.0,0.0,0.0,0.0,0.698968
LB2518MEL_SKIN,0.0,0.0,0.0,0.0,0.0,1.0,0.528975
LB373MELD_SKIN,0.0,0.0,0.0,0.0,0.0,1.0,0.8408389999999999
LB647SCLC_LUNG,0.0,0.0,0.0,0.0,0.0,0.0,0.973785
LC1SQSF_LUNG,0.0,0.0,0.0,0.0,0.0,0.0,0.884097
LC41_HAEMATOPOIETIC_AND_LYMPHOID_TISSUE,0.0,0.0,0.0,0.0,0.0,0.0,0.961764
LCLC97TM1_LUNG,0.0,0.0,0.0,0.0,1.0,0.0,0.64887691
LOUCY_HAEMATOPOIETIC_AND_LYMPHOID_TISSUE,0.0,0.0,0.0,0.0,0.0,0.0,0.9705602100000001
LOUNH91_LUNG,0.0,0.0,0.0,0.0,0.0,0.0,0.929879315
LS1034_LARGE_INTESTINE,0.0,0.0,0.0,0.0,1.0,0.0,0.8622859199999999
LS123_LARGE_INTESTINE,0.0,0.0,0.0,0.0,1.0,0.0,0.8984295099999999
LU135_LUNG,0.0,0.0,0.0,0.0,0.0,0.0,0.97461845
LU65_LUNG,0.0,1.0,0.0,0.0,1.0,0.0,0.978838935
LXF289_LUNG,0.0,0.0,0.0,0.0,0.0,0.0,0.817405635
M059J_CENTRAL_NERVOUS_SYSTEM,0.0,0.0,0.0,0.0,0.0,0.0,0.9450362033333333
M14_SKIN,0.0,0.0,0.0,1.0,0.0,0.0,0.34081999999999996
MC116_HAEMATOPOIETIC_AND_LYMPHOID_TISSUE,0.0,0.0,0.0,0.0,0.0,0.0,0.942659565
MCCAR_HAEMATOPOIETIC_AND_LYMPHOID_TISSUE,0.0,0.0,0.0,0.0,0.0,0.0,0.9040299999999999
MDAMB330_BREAST,0.0,0.0,1.0,0.0,0.0,0.0,0.94146974
MDAMB468_BREAST,0.0,0.0,0.0,0.0,0.0,0.0,0.794342755
MDST8_LARGE_INTESTINE,0.0,0.0,0.0,1.0,0.0,0.0,0.57556516
ME180_CERVIX,0.0,0.0,0.0,0.0,0.0,0.0,0.832394485
MEG01_HAEMATOPOIETIC_AND_LYMPHOID_TISSUE,0.0,0.0,0.0,0.0,0.0,0.0,0.6793538733333334
MELHO_SKIN,0.0,0.0,0.0,1.0,0.0,0.0,0.40967115
MELJUSO_SKIN,0.0,0.0,0.0,0.0,0.0,1.0,0.777186155
MESSA_SOFT_TISSUE,0.0,0.0,0.0,0.0,0.0,0.0,0.9792073833333333
MEWO_SKIN,0.0,0.0,0.0,0.0,0.0,0.0,0.59611204
MFHINO_SOFT_TISSUE,0.0,0.0,0.0,0.0,0.0,1.0,0.735863
MG63_BONE,0.0,0.0,0.0,0.0,0.0,0.0,0.92716069
MHHES1_BONE,0.0,0.0,0.0,0.0,0.0,0.0,0.91435544
MHHNB11_AUTONOMIC_GANGLIA,0.0,0.0,0.0,0.0,0.0,0.0,0.75354896
MHHPREB1_HAEMATOPOIETIC_AND_LYMPHOID_TISSUE,1.0,0.0,0.0,0.0,0.0,0.0,0.9880909999999999
MKN28_STOMACH,0.0,0.0,0.0,0.0,0.0,0.0,0.8629479999999999
ML2_HAEMATOPOIETIC_AND_LYMPHOID_TISSUE,0.0,0.0,0.0,0.0,1.0,0.0,0.5786180000000001
MLMA_HAEMATOPOIETIC_AND_LYMPHOID_TISSUE,0.0,0.0,0.0,0.0,0.0,0.0,0.927084
MMACSF_SKIN,0.0,0.0,0.0,1.0,0.0,0.0,0.296195
MN60_HAEMATOPOIETIC_AND_LYMPHOID_TISSUE,1.0,0.0,0.0,0.0,0.0,0.0,0.97982
MOGGCCM_CENTRAL_NERVOUS_SYSTEM,0.0,1.0,0.0,0.0,0.0,0.0,0.83606074
MOGGUVW_CENTRAL_NERVOUS_SYSTEM,1.0,0.0,0.0,0.0,0.0,0.0,0.8249825550000001
MOLT13_HAEMATOPOIETIC_AND_LYMPHOID_TISSUE,0.0,0.0,0.0,0.0,0.0,1.0,0.8194995599999999
MOLT16_HAEMATOPOIETIC_AND_LYMPHOID_TISSUE,0.0,0.0,0.0,0.0,0.0,0.0,0.836804115
MOLT4_HAEMATOPOIETIC_AND_LYMPHOID_TISSUE,0.0,0.0,0.0,0.0,0.0,1.0,0.8265472300000001
MONOMAC6_HAEMATOPOIETIC_AND_LYMPHOID_TISSUE,0.0,0.0,0.0,0.0,0.0,0.0,0.893086145
MPP89_PLEURA,0.0,1.0,0.0,0.0,0.0,0.0,0.8711722900000001
MRKNU1_BREAST,0.0,0.0,0.0,0.0,0.0,0.0,0.9723719999999999
MYM12_HAEMATOPOIETIC_AND_LYMPHOID_TISSUE,0.0,0.0,0.0,0.0,0.0,0.0,0.772922
MZ1PC_PANCREAS,0.0,0.0,0.0,0.0,1.0,0.0,0.907589
MZ2MEL_SKIN,0.0,0.0,0.0,0.0,0.0,1.0,0.54545
NALM6_HAEMATOPOIETIC_AND_LYMPHOID_TISSUE,0.0,0.0,0.0,0.0,0.0,1.0,0.89654886
NCC010_KIDNEY,0.0,0.0,0.0,0.0,0.0,0.0,0.9107209999999999
NCC021_KIDNEY,0.0,0.0,0.0,0.0,0.0,0.0,0.9268149999999999
NCIH1155_LUNG,0.0,1.0,0.0,0.0,1.0,0.0,0.93252749
NCIH1304_LUNG,0.0,1.0,0.0,0.0,0.0,0.0,0.977883
NCIH1417_LUNG,0.0,1.0,0.0,0.0,0.0,0.0,0.67692887
NCIH1563_LUNG,0.0,0.0,0.0,0.0,0.0,0.0,0.8911411650000001
NCIH1568_LUNG,0.0,0.0,0.0,0.0,0.0,0.0,0.96890942
NCIH1581_LUNG,0.0,0.0,0.0,0.0,0.0,0.0,0.8592079566666667
NCIH1623_LUNG,0.0,0.0,0.0,0.0,0.0,0.0,0.8014689
NCIH1648_LUNG,0.0,0.0,0.0,0.0,0.0,0.0,0.9016675733333334
NCIH1688_LUNG,0.0,0.0,0.0,0.0,0.0,0.0,0.980777
NCIH1734_LUNG,0.0,1.0,0.0,0.0,1.0,0.0,0.871529995
NCIH1755_LUNG,0.0,0.0,0.0,1.0,0.0,0.0,0.8748318150000001
NCIH1770_LUNG,0.0,1.0,0.0,0.0,0.0,0.0,0.98970032
NCIH1781_LUNG,0.0,0.0,0.0,0.0,0.0,0.0,0.95559594
NCIH1838_LUNG,0.0,0.0,0.0,0.0,0.0,0.0,0.91237225
NCIH187_LUNG,0.0,0.0,0.0,0.0,0.0,0.0,0.9749739150000001
NCIH1993_LUNG,0.0,0.0,0.0,0.0,0.0,0.0,0.983030625
NCIH2009_LUNG,0.0,0.0,0.0,0.0,1.0,0.0,0.74828402
NCIH2023_LUNG,0.0,0.0,0.0,0.0,0.0,0.0,0.9221692366666666
NCIH2087_LUNG,1.0,1.0,0.0,1.0,0.0,1.0,0.76188173
NCIH2110_LUNG,0.0,1.0,0.0,0.0,0.0,0.0,0.8149052800000001
NCIH2135_LUNG,0.0,0.0,0.0,0.0,0.0,1.0,0.9911675550000001
NCIH2141_LUNG,0.0,1.0,0.0,0.0,0.0,0.0,0.97866959
NCIH2291_LUNG,0.0,0.0,0.0,0.0,1.0,0.0,0.6010640899999999
NCIH2342_LUNG,0.0,0.0,0.0,0.0,0.0,0.0,0.920723615
NCIH2347_LUNG,0.0,0.0,0.0,0.0,1.0,1.0,0.84460102
NCIH2405_LUNG,0.0,0.0,0.0,1.0,0.0,0.0,0.9435968650000001
NCIH2444_LUNG,0.0,0.0,0.0,0.0,1.0,0.0,0.8827173266666666
NCIH2452_PLEURA,0.0,0.0,0.0,0.0,0.0,0.0,0.886575875
NCIH28_PLEURA,0.0,0.0,0.0,0.0,0.0,0.0,0.854092855
NCIH322_LUNG,0.0,0.0,0.0,0.0,0.0,0.0,0.899713
NCIH345_LUNG,0.0,0.0,0.0,0.0,0.0,0.0,0.9690537800000001
NCIH441_LUNG,0.0,0.0,0.0,0.0,1.0,0.0,0.88929718
NCIH630_LARGE_INTESTINE,0.0,0.0,0.0,0.0,0.0,0.0,0.8816790000000001
NCIH64_LUNG,0.0,1.0,0.0,0.0,0.0,0.0,0.98494646
NCIH647_LUNG,0.0,0.0,0.0,0.0,1.0,0.0,0.894699185
NCIH716_LARGE_INTESTINE,0.0,0.0,0.0,0.0,1.0,0.0,0.36549722
NCIH720_LUNG,0.0,1.0,0.0,0.0,0.0,0.0,0.9765299999999999
NCIH727_LUNG,0.0,0.0,0.0,0.0,1.0,0.0,0.5895836400000001
NCIH810_LUNG,0.0,0.0,0.0,0.0,0.0,0.0,0.9720995099999999
NCIH835_LUNG,0.0,1.0,0.0,0.0,0.0,0.0,0.991016
NCIH847_LUNG,0.0,1.0,0.0,0.0,0.0,0.0,0.9834577250000001
NCIH929_HAEMATOPOIETIC_AND_LYMPHOID_TISSUE,0.0,0.0,0.0,0.0,0.0,1.0,0.689881315
NEC8_TESTIS,0.0,0.0,0.0,0.0,0.0,0.0,0.8348399999999999
NH12_AUTONOMIC_GANGLIA,0.0,0.0,0.0,0.0,0.0,0.0,0.773372985
NKM1_HAEMATOPOIETIC_AND_LYMPHOID_TISSUE,0.0,0.0,0.0,0.0,0.0,0.0,0.692009
NMCG1_CENTRAL_NERVOUS_SYSTEM,0.0,0.0,0.0,1.0,0.0,0.0,0.8688244300000001
NO10_CENTRAL_NERVOUS_SYSTEM,0.0,1.0,0.0,0.0,0.0,0.0,0.904436215
NO11_CENTRAL_NERVOUS_SYSTEM,0.0,1.0,0.0,0.0,0.0,0.0,0.8850209550000001
NOMO1_HAEMATOPOIETIC_AND_LYMPHOID_TISSUE,0.0,0.0,0.0,0.0,1.0,0.0,0.28664838
NTERA2CLD1_TESTIS,0.0,0.0,0.0,0.0,0.0,0.0,0.845249
NUDUL1_HAEMATOPOIETIC_AND_LYMPHOID_TISSUE,1.0,0.0,0.0,0.0,1.0,0.0,0.8568505550000001
NY_BONE,0.0,0.0,0.0,0.0,0.0,0.0,0.898331
OC314_OVARY,0.0,0.0,0.0,1.0,0.0,0.0,0.952019115
OCIAML2_HAEMATOPOIETIC_AND_LYMPHOID_TISSUE,0.0,0.0,0.0,0.0,0.0,0.0,0.23078144
OCIAML3_HAEMATOPOIETIC_AND_LYMPHOID_TISSUE,0.0,0.0,0.0,0.0,0.0,1.0,0.61823859
OCILY7_HAEMATOPOIETIC_AND_LYMPHOID_TISSUE,0.0,0.0,0.0,0.0,0.0,0.0,0.9003793549999999
OCUBM_BREAST,0.0,0.0,1.0,0.0,0.0,0.0,0.9512219999999999
OE21_OESOPHAGUS,0.0,0.0,0.0,0.0,0.0,0.0,0.833215385
OE33_OESOPHAGUS,0.0,0.0,1.0,0.0,0.0,0.0,0.87958466
OSC20_UPPER_AERODIGESTIVE_TRACT,0.0,0.0,0.0,0.0,0.0,0.0,0.824172455
OV17R_OVARY,0.0,0.0,0.0,0.0,0.0,0.0,0.95145911
OVCA420_OVARY,0.0,0.0,0.0,0.0,0.0,0.0,0.85408
OVCA433_OVARY,0.0,0.0,0.0,0.0,0.0,0.0,0.793094
OVCAR5_OVARY,0.0,0.0,0.0,0.0,1.0,0.0,0.59343669
OVISE_OVARY,0.0,0.0,0.0,0.0,0.0,0.0,0.7338545999999999
OVKATE_OVARY,0.0,0.0,0.0,0.0,0.0,0.0,0.880814575
OVMIU_OVARY,0.0,1.0,0.0,0.0,0.0,0.0,0.678027
P12ICHIKAWA_HAEMATOPOIETIC_AND_LYMPHOID_TISSUE,0.0,0.0,0.0,1.0,0.0,1.0,0.9828828199999999
P31FUJ_HAEMATOPOIETIC_AND_LYMPHOID_TISSUE,0.0,1.0,0.0,0.0,0.0,1.0,0.97059224
P32ISH_HAEMATOPOIETIC_AND_LYMPHOID_TISSUE,1.0,0.0,0.0,0.0,0.0,0.0,0.9532889999999999
PA1_OVARY,0.0,0.0,0.0,0.0,0.0,1.0,0.8905433199999999
PANC0813_PANCREAS,0.0,0.0,0.0,0.0,1.0,0.0,0.878281195
PECAPJ15_UPPER_AERODIGESTIVE_TRACT,0.0,0.0,0.0,0.0,0.0,0.0,0.6653393000000001
PEO1_OVARY,0.0,0.0,0.0,0.0,0.0,0.0,0.9095819199999999
PFSK1_CENTRAL_NERVOUS_SYSTEM,0.0,0.0,0.0,0.0,0.0,0.0,0.931129325
PSN1_PANCREAS,0.0,0.0,0.0,0.0,1.0,0.0,0.591623675
PWR1E_PROSTATE,0.0,0.0,0.0,0.0,0.0,0.0,0.87977141
QIMRWIL_HAEMATOPOIETIC_AND_LYMPHOID_TISSUE,0.0,0.0,0.0,0.0,0.0,0.0,0.888652
RAJI_HAEMATOPOIETIC_AND_LYMPHOID_TISSUE,1.0,0.0,0.0,0.0,0.0,0.0,0.9537114000000001
RAMOS2G64C10_HAEMATOPOIETIC_AND_LYMPHOID_TISSUE,0.0,0.0,0.0,0.0,0.0,0.0,0.888706
RCC10RGB_KIDNEY,0.0,0.0,0.0,0.0,0.0,0.0,0.9083055149999999
RCCAB_KIDNEY,0.0,0.0,0.0,0.0,0.0,0.0,0.978419
RCCER_KIDNEY,0.0,0.0,0.0,0.0,0.0,0.0,0.8431629999999999
RCCFG2_KIDNEY,0.0,0.0,0.0,0.0,0.0,0.0,0.8658379999999999
RCCJF_KIDNEY,0.0,0.0,0.0,0.0,0.0,0.0,0.6246649999999999
RCCJW_KIDNEY,0.0,0.0,0.0,0.0,0.0,0.0,0.8894790000000001
RCCMF_KIDNEY,0.0,0.0,0.0,0.0,0.0,0.0,0.7770520000000001
RCHACV_HAEMATOPOIETIC_AND_LYMPHOID_TISSUE,0.0,0.0,0.0,0.0,1.0,0.0,0.929569375
RCK8_HAEMATOPOIETIC_AND_LYMPHOID_TISSUE,0.0,0.0,0.0,0.0,0.0,0.0,0.988684085
RCM1_LARGE_INTESTINE,0.0,0.0,0.0,0.0,1.0,0.0,0.60046552
REH_HAEMATOPOIETIC_AND_LYMPHOID_TISSUE,0.0,0.0,0.0,0.0,0.0,0.0,0.9644858000000001
RERFLCKJ_LUNG,0.0,0.0,0.0,0.0,0.0,0.0,0.87124162
RERFLCSQ1_LUNG,0.0,0.0,0.0,0.0,0.0,0.0,0.7880352399999999
RH18_SOFT_TISSUE,0.0,0.0,0.0,0.0,0.0,0.0,0.89930921
RL_HAEMATOPOIETIC_AND_LYMPHOID_TISSUE,0.0,0.0,0.0,0.0,0.0,0.0,0.890023475
RO82W1_THYROID,0.0,0.0,0.0,0.0,0.0,0.0,0.86220892
ROS50_HAEMATOPOIETIC_AND_LYMPHOID_TISSUE,1.0,0.0,0.0,0.0,0.0,0.0,0.9710320800000001
RPMI6666_HAEMATOPOIETIC_AND_LYMPHOID_TISSUE,0.0,0.0,0.0,0.0,0.0,0.0,0.921746175
RPMI8866_HAEMATOPOIETIC_AND_LYMPHOID_TISSUE,0.0,0.0,0.0,0.0,0.0,0.0,0.5654640000000001
RT4_URINARY_TRACT,0.0,0.0,0.0,0.0,0.0,0.0,0.9725108650000001
RXF393_KIDNEY,0.0,0.0,0.0,0.0,0.0,0.0,0.760803
SAT_UPPER_AERODIGESTIVE_TRACT,0.0,0.0,0.0,0.0,0.0,0.0,0.749496705
SBC1_LUNG,0.0,1.0,0.0,0.0,0.0,0.0,0.988252
SBC3_LUNG,0.0,0.0,0.0,0.0,0.0,0.0,0.9275909999999999
SCC9_UPPER_AERODIGESTIVE_TRACT,0.0,0.0,0.0,0.0,0.0,0.0,0.9543895250000001
SCH_STOMACH,0.0,0.0,0.0,0.0,0.0,0.0,0.977951
SF126_CENTRAL_NERVOUS_SYSTEM,0.0,0.0,0.0,0.0,0.0,0.0,0.806299475
SF268_CENTRAL_NERVOUS_SYSTEM,0.0,0.0,0.0,0.0,0.0,0.0,0.905008015
SF539_CENTRAL_NERVOUS_SYSTEM,0.0,1.0,0.0,0.0,0.0,0.0,0.91256596
SH4_SKIN,0.0,0.0,0.0,1.0,0.0,0.0,0.48980835
SJRH30_SOFT_TISSUE,0.0,0.0,0.0,0.0,0.0,0.0,0.985023905
SJSA1_BONE,0.0,0.0,0.0,0.0,1.0,1.0,0.855097955
SKGT2_STOMACH,0.0,0.0,1.0,0.0,0.0,0.0,0.924924765
SKMEL1_SKIN,0.0,0.0,0.0,1.0,0.0,0.0,0.5163749049999999
SKMEL3_SKIN,0.0,0.0,0.0,1.0,0.0,0.0,0.69812421
SKMM2_HAEMATOPOIETIC_AND_LYMPHOID_TISSUE,0.0,0.0,0.0,0.0,0.0,0.0,0.97770751
SKNDZ_AUTONOMIC_GANGLIA,0.0,1.0,0.0,0.0,0.0,0.0,0.9288353466666667
SKNFI_AUTONOMIC_GANGLIA,0.0,0.0,0.0,0.0,0.0,0.0,0.8441081066666666
SKNSH_AUTONOMIC_GANGLIA,0.0,0.0,0.0,0.0,0.0,1.0,0.88114704
SNB75_CENTRAL_NERVOUS_SYSTEM,0.0,1.0,0.0,0.0,0.0,0.0,0.8924382449999999
SNU5_STOMACH,0.0,0.0,0.0,0.0,0.0,0.0,0.7953808
SNU81_LARGE_INTESTINE,0.0,0.0,0.0,0.0,1.0,1.0,0.40359652
SNUC1_LARGE_INTESTINE,0.0,0.0,0.0,0.0,0.0,0.0,0.36277306
SNUC2B_LARGE_INTESTINE,0.0,0.0,0.0,0.0,1.0,0.0,0.8034853533333332
SNUC5_LARGE_INTESTINE,1.0,0.0,0.0,1.0,0.0,0.0,0.8110867450000001
ST486_HAEMATOPOIETIC_AND_LYMPHOID_TISSUE,1.0,0.0,0.0,0.0,0.0,0.0,0.8729319
STS0421_SOFT_TISSUE,0.0,0.0,0.0,0.0,0.0,0.0,0.938491
SU8686_PANCREAS,0.0,0.0,0.0,0.0,1.0,0.0,0.678305785
SUDHL16_HAEMATOPOIETIC_AND_LYMPHOID_TISSUE,0.0,0.0,0.0,0.0,0.0,0.0,0.971359
SUPB15_HAEMATOPOIETIC_AND_LYMPHOID_TISSUE,0.0,0.0,0.0,0.0,0.0,0.0,0.652695995
SUPB8_HAEMATOPOIETIC_AND_LYMPHOID_TISSUE,1.0,0.0,0.0,0.0,0.0,0.0,0.9867020000000001
SUPT1_HAEMATOPOIETIC_AND_LYMPHOID_TISSUE,0.0,0.0,0.0,0.0,0.0,0.0,0.9852269149999999
SW1417_LARGE_INTESTINE,0.0,0.0,0.0,1.0,0.0,0.0,0.79550619
SW1710_URINARY_TRACT,0.0,0.0,0.0,0.0,0.0,0.0,0.821943065
SW620_LARGE_INTESTINE,0.0,0.0,0.0,0.0,1.0,0.0,0.5613602900000001
SW684_SOFT_TISSUE,0.0,0.0,0.0,0.0,0.0,0.0,0.9633729999999999
SW756_CERVIX,0.0,0.0,0.0,0.0,1.0,0.0,0.87651898
SW780_URINARY_TRACT,0.0,0.0,0.0,0.0,0.0,0.0,0.734018965
SW962_VULVA,0.0,0.0,0.0,0.0,0.0,0.0,0.802193
T98G_CENTRAL_NERVOUS_SYSTEM,0.0,0.0,0.0,0.0,0.0,0.0,0.8702067250000001
TCYIK_CERVIX,0.0,0.0,0.0,0.0,0.0,0.0,0.841564
TE15_OESOPHAGUS,0.0,0.0,0.0,0.0,0.0,0.0,0.7557186699999999
TE4_OESOPHAGUS,0.0,0.0,1.0,0.0,0.0,0.0,0.8904022699999999
TE6_OESOPHAGUS,0.0,0.0,0.0,0.0,0.0,0.0,0.9090338499999999
TE8_OESOPHAGUS,0.0,0.0,0.0,0.0,0.0,0.0,0.8214577999999999
TE9_OESOPHAGUS,0.0,0.0,0.0,0.0,0.0,0.0,0.953234755
TGBC11TKB_STOMACH,0.0,0.0,0.0,0.0,1.0,0.0,0.80758715
TGW_AUTONOMIC_GANGLIA,0.0,0.0,0.0,0.0,0.0,0.0,0.86467184
TK_HAEMATOPOIETIC_AND_LYMPHOID_TISSUE,0.0,0.0,0.0,0.0,0.0,0.0,0.9846459999999999
TK10_KIDNEY,0.0,0.0,0.0,0.0,0.0,0.0,0.801390845
TMK1_STOMACH,0.0,0.0,0.0,0.0,0.0,0.0,0.651328
TOV112D_OVARY,0.0,0.0,0.0,0.0,0.0,0.0,0.89623639
TT2609C02_THYROID,0.0,0.0,0.0,0.0,0.0,1.0,0.477817035
TUR_HAEMATOPOIETIC_AND_LYMPHOID_TISSUE,0.0,0.0,0.0,0.0,0.0,0.0,0.9466190000000001
U118MG_CENTRAL_NERVOUS_SYSTEM,0.0,0.0,0.0,0.0,0.0,0.0,0.864785855
U266B1_HAEMATOPOIETIC_AND_LYMPHOID_TISSUE,0.0,1.0,0.0,1.0,0.0,0.0,0.76353593
UACC62_SKIN,0.0,0.0,0.0,1.0,0.0,0.0,0.90413139
UMC11_LUNG,0.0,0.0,0.0,0.0,0.0,0.0,0.908112595
UMUC3_URINARY_TRACT,0.0,0.0,0.0,0.0,1.0,0.0,0.86019067
UWB1289_OVARY,0.0,0.0,0.0,0.0,0.0,0.0,0.909507925
VAESBJ_SOFT_TISSUE,0.0,0.0,0.0,0.0,0.0,0.0,0.837800995
VAL_HAEMATOPOIETIC_AND_LYMPHOID_TISSUE,1.0,0.0,0.0,0.0,0.0,0.0,0.960621755
VCAP_PROSTATE,0.0,0.0,0.0,0.0,0.0,0.0,0.98736468
VMRCLCD_LUNG,0.0,0.0,0.0,0.0,0.0,0.0,0.9355131666666666
VMRCMELG_SKIN,0.0,0.0,0.0,1.0,0.0,0.0,0.95423062
VMRCRCW_KIDNEY,0.0,0.0,0.0,0.0,0.0,0.0,0.9295736299999999
VMRCRCZ_KIDNEY,0.0,0.0,0.0,0.0,0.0,0.0,0.88454349
WIL2NS_HAEMATOPOIETIC_AND_LYMPHOID_TISSUE,0.0,0.0,0.0,0.0,1.0,0.0,0.9816010000000001
WM115_SKIN,0.0,0.0,0.0,1.0,0.0,0.0,0.47987416666666666
WM1552C_SKIN,0.0,0.0,0.0,1.0,0.0,0.0,0.891015
WM278_SKIN,0.0,0.0,0.0,1.0,0.0,0.0,0.67074
WM35_SKIN,0.0,0.0,0.0,1.0,0.0,0.0,0.624587
WSUNHL_HAEMATOPOIETIC_AND_LYMPHOID_TISSUE,0.0,0.0,0.0,1.0,0.0,0.0,0.909350125
YAPC_PANCREAS,0.0,0.0,0.0,0.0,1.0,0.0,0.960514015
YH13_CENTRAL_NERVOUS_SYSTEM,0.0,0.0,0.0,0.0,0.0,0.0,0.8809646750000001
YKG1_CENTRAL_NERVOUS_SYSTEM,0.0,0.0,0.0,0.0,0.0,0.0,0.8553467133333333
YT_HAEMATOPOIETIC_AND_LYMPHOID_TISSUE,0.0,0.0,0.0,0.0,0.0,0.0,0.681666
ZR7530_BREAST,0.0,0.0,1.0,1.0,0.0,0.0,0.924124005
DAUDI_HAEMATOPOIETIC_AND_LYMPHOID_TISSUE,0.0,1.0,0.0,0.0,1.0,0.0,0.956455505
HS633T_SOFT_TISSUE,0.0,0.0,0.0,0.0,1.0,0.0,0.5509310000000001
IGR37_SKIN,0.0,0.0,0.0,1.0,0.0,0.0,0.27184156000000004
JHH2_LIVER,0.0,0.0,0.0,0.0,0.0,0.0,0.8472326450000001
JHH4_LIVER,0.0,0.0,0.0,0.0,0.0,0.0,0.9011646500000001
LC1SQ_LUNG,0.0,0.0,0.0,0.0,0.0,0.0,0.8840969999999999
NCIH1395_LUNG,0.0,0.0,0.0,1.0,0.0,0.0,0.971294225
PC3JPC3_LUNG,0.0,0.0,0.0,0.0,0.0,0.0,0.8949450000000001
SKNBE2_AUTONOMIC_GANGLIA,0.0,0.0,0.0,0.0,0.0,0.0,0.777397
