Cell_line,MYC_mut,RB1_mut,ERBB2_amp,BRAF_mut,KRAS_mut,NRAS_mut,PD0325901
22RV1_PROSTATE,0.0,0.0,0.0,1.0,0.0,0.0,0.95071276
A253_SALIVARY_GLAND,0.0,0.0,0.0,0.0,0.0,0.0,0.8950229999999999
A427_LUNG,0.0,0.0,0.0,0.0,1.0,0.0,0.917810485
A431_SKIN,0.0,0.0,0.0,0.0,0.0,0.0,0.915190385
A4FUK_HAEMATOPOIETIC_AND_LYMPHOID_TISSUE,1.0,0.0,0.0,0.0,0.0,0.0,0.8242077050000001
A673_BONE,0.0,0.0,0.0,1.0,0.0,0.0,0.9725045133333333
ALLSIL_HAEMATOPOIETIC_AND_LYMPHOID_TISSUE,0.0,0.0,0.0,0.0,0.0,0.0,0.988498175
BICR78_UPPER_AERODIGESTIVE_TRACT,0.0,0.0,0.0,0.0,0.0,0.0,0.572370405
CADOES1_BONE,0.0,0.0,0.0,0.0,0.0,0.0,0.9909676949999999
CCFSTTG1_CENTRAL_NERVOUS_SYSTEM,0.0,0.0,0.0,1.0,0.0,0.0,0.91550347
CL11_LARGE_INTESTINE,0.0,0.0,0.0,0.0,1.0,0.0,0.42720407
CORL23_LUNG,0.0,0.0,0.0,0.0,1.0,0.0,0.88227922
D283MED_CENTRAL_NERVOUS_SYSTEM,0.0,0.0,0.0,0.0,0.0,0.0,0.9781210300000001
DOV13_OVARY,0.0,0.0,0.0,0.0,0.0,0.0,0.57074453
EGI1_BILIARY_TRACT,0.0,0.0,0.0,0.0,1.0,0.0,0.70221282
ESO26_OESOPHAGUS,0.0,0.0,1.0,0.0,0.0,0.0,0.95345562
ESO51_OESOPHAGUS,0.0,0.0,0.0,0.0,0.0,0.0,0.86032598
FLO1_OESOPHAGUS,0.0,0.0,0.0,0.0,0.0,0.0,0.623371425
G401_SOFT_TISSUE,0.0,0.0,0.0,0.0,0.0,0.0,0.8948488666666666
G402_SOFT_TISSUE,0.0,0.0,0.0,0.0,0.0,0.0,0.94046388
GIMEN_AUTONOMIC_GANGLIA,0.0,0.0,0.0,0.0,0.0,0.0,0.8521429300000001
JAR_PLACENTA,0.0,0.0,0.0,0.0,0.0,0.0,0.95256001
K562_HAEMATOPOIETIC_AND_LYMPHOID_TISSUE,0.0,0.0,0.0,0.0,0.0,0.0,0.719442125
KYSE140_OESOPHAGUS,0.0,0.0,0.0,0.0,0.0,0.0,0.8965052866666666
NCIH1048_LUNG,0.0,1.0,0.0,0.0,0.0,1.0,0.9639588666666666
NCIH1092_LUNG,0.0,0.0,0.0,0.0,0.0,0.0,0.9937778
NCIH3122_LUNG,0.0,0.0,0.0,0.0,0.0,0.0,0.8769124150000001
NCIH446_LUNG,0.0,1.0,0.0,0.0,0.0,0.0,0.98814321
NCIH526_LUNG,0.0,1.0,0.0,0.0,0.0,0.0,0.991723905
OACM51_OESOPHAGUS,0.0,0.0,0.0,0.0,0.0,0.0,0.9893486149999999
OCUM1_STOMACH,0.0,0.0,0.0,0.0,0.0,0.0,0.232592945
PF382_HAEMATOPOIETIC_AND_LYMPHOID_TISSUE,1.0,0.0,0.0,0.0,0.0,1.0,0.993447655
RH41_SOFT_TISSUE,0.0,0.0,0.0,0.0,0.0,0.0,0.98113826
SAOS2_BONE,0.0,1.0,0.0,0.0,0.0,0.0,0.93118889
SIHA_CERVIX,0.0,0.0,0.0,0.0,0.0,0.0,0.82350848
SKES1_BONE,0.0,0.0,0.0,0.0,0.0,0.0,0.98742489
SKGT4_OESOPHAGUS,0.0,0.0,0.0,0.0,1.0,0.0,0.47867908
SKPNDW_BONE,0.0,1.0,0.0,0.0,0.0,0.0,0.978278855
SW13_ADRENAL_CORTEX,0.0,0.0,0.0,0.0,0.0,0.0,0.83036419
SW626_OVARY,0.0,0.0,0.0,0.0,1.0,0.0,0.52404871
SW954_VULVA,0.0,0.0,0.0,0.0,0.0,0.0,0.85919916
SW982_SOFT_TISSUE,0.0,0.0,0.0,1.0,0.0,0.0,0.910830915
TC71_BONE,0.0,0.0,0.0,0.0,0.0,0.0,0.991085905
AMO1_HAEMATOPOIETIC_AND_LYMPHOID_TISSUE,0.0,0.0,0.0,0.0,1.0,0.0,0.933775665
BL41_HAEMATOPOIETIC_AND_LYMPHOID_TISSUE,1.0,0.0,0.0,0.0,0.0,0.0,0.995570475
CALU3_LUNG,0.0,0.0,1.0,0.0,0.0,0.0,0.970919345
CL40_LARGE_INTESTINE,0.0,0.0,0.0,0.0,1.0,0.0,0.7909823650000001
CMK_HAEMATOPOIETIC_AND_LYMPHOID_TISSUE,0.0,0.0,0.0,0.0,0.0,0.0,0.99021027
CMLT1_HAEMATOPOIETIC_AND_LYMPHOID_TISSUE,0.0,0.0,0.0,0.0,0.0,0.0,0.9418370300000001
COLO783_SKIN,0.0,0.0,0.0,1.0,0.0,0.0,0.603912915
CORL95_LUNG,0.0,1.0,0.0,0.0,0.0,0.0,0.948421475
DMS79_LUNG,0.0,1.0,0.0,0.0,0.0,0.0,0.9905805000000001
DND41_HAEMATOPOIETIC_AND_LYMPHOID_TISSUE,0.0,1.0,0.0,0.0,1.0,1.0,0.8584455100000001
EJM_HAEMATOPOIETIC_AND_LYMPHOID_TISSUE,0.0,0.0,0.0,0.0,0.0,0.0,0.99352178
ESS1_ENDOMETRIUM,0.0,1.0,0.0,0.0,0.0,0.0,0.9644265566666667
GDM1_HAEMATOPOIETIC_AND_LYMPHOID_TISSUE,0.0,0.0,0.0,0.0,0.0,0.0,0.98942604
GRANTA519_HAEMATOPOIETIC_AND_LYMPHOID_TISSUE,0.0,0.0,0.0,0.0,0.0,0.0,0.9883331150000001
HCC1143_BREAST,0.0,0.0,0.0,0.0,0.0,0.0,0.8153226600000001
HCC1395_BREAST,0.0,0.0,0.0,0.0,0.0,0.0,0.9119870133333333
HCC366_LUNG,0.0,0.0,0.0,0.0,0.0,0.0,0.88362728
HCC78_LUNG,1.0,0.0,0.0,0.0,0.0,0.0,0.87445199
HEP3B217_LIVER,0.0,1.0,0.0,0.0,0.0,0.0,0.804316035
HEYA8_OVARY,0.0,0.0,0.0,1.0,1.0,0.0,0.770207
HS578T_BREAST,0.0,0.0,0.0,0.0,0.0,0.0,0.500335675
HS766T_PANCREAS,0.0,0.0,0.0,0.0,1.0,0.0,0.63997812
HS939T_SKIN,0.0,0.0,0.0,1.0,0.0,0.0,0.43027259500000004
HT55_LARGE_INTESTINE,0.0,0.0,0.0,1.0,0.0,0.0,0.80943232
HT_HAEMATOPOIETIC_AND_LYMPHOID_TISSUE,0.0,1.0,0.0,0.0,0.0,0.0,0.99249568
HUH1_LIVER,0.0,0.0,0.0,0.0,0.0,0.0,0.87917199
JHOS2_OVARY,0.0,0.0,0.0,0.0,0.0,0.0,0.61825554
JHOS4_OVARY,1.0,0.0,0.0,0.0,0.0,0.0,0.741365675
JIMT1_BREAST,0.0,0.0,1.0,0.0,0.0,0.0,0.86995467
JJN3_HAEMATOPOIETIC_AND_LYMPHOID_TISSUE,0.0,0.0,0.0,0.0,0.0,1.0,0.942587565
JM1_HAEMATOPOIETIC_AND_LYMPHOID_TISSUE,1.0,0.0,0.0,0.0,0.0,0.0,0.982344715
JURKAT_HAEMATOPOIETIC_AND_LYMPHOID_TISSUE,0.0,1.0,0.0,1.0,0.0,0.0,0.99510421
JURLMK1_HAEMATOPOIETIC_AND_LYMPHOID_TISSUE,0.0,0.0,0.0,0.0,0.0,0.0,0.40660617
KARPAS620_HAEMATOPOIETIC_AND_LYMPHOID_TISSUE,0.0,0.0,0.0,0.0,1.0,0.0,0.83551501
KCL22_HAEMATOPOIETIC_AND_LYMPHOID_TISSUE,0.0,0.0,0.0,1.0,0.0,0.0,0.92395279
KMRC2_KIDNEY,0.0,0.0,0.0,0.0,0.0,0.0,0.967105
KMS11_HAEMATOPOIETIC_AND_LYMPHOID_TISSUE,0.0,0.0,0.0,0.0,0.0,0.0,0.97759076
KOPN8_HAEMATOPOIETIC_AND_LYMPHOID_TISSUE,0.0,0.0,0.0,0.0,1.0,0.0,0.8146086
KP2_PANCREAS,0.0,0.0,0.0,0.0,1.0,0.0,0.62659333
L1236_HAEMATOPOIETIC_AND_LYMPHOID_TISSUE,0.0,0.0,0.0,0.0,0.0,0.0,0.993146835
LNCAPCLONEFGC_PROSTATE,1.0,0.0,0.0,0.0,0.0,0.0,0.9850855999999999
LP1_HAEMATOPOIETIC_AND_LYMPHOID_TISSUE,0.0,0.0,0.0,0.0,0.0,0.0,0.9962608866666667
MDAMB415_BREAST,0.0,0.0,0.0,1.0,0.0,0.0,0.9007580566666666
MDAMB436_BREAST,0.0,0.0,0.0,1.0,0.0,0.0,0.72947133
ME1_HAEMATOPOIETIC_AND_LYMPHOID_TISSUE,0.0,0.0,0.0,0.0,0.0,1.0,0.7133872050000001
MFE296_ENDOMETRIUM,0.0,0.0,0.0,0.0,0.0,0.0,0.91774461
MHHCALL2_HAEMATOPOIETIC_AND_LYMPHOID_TISSUE,0.0,0.0,0.0,0.0,0.0,0.0,0.9689540000000001
MM1S_HAEMATOPOIETIC_AND_LYMPHOID_TISSUE,0.0,0.0,0.0,0.0,1.0,0.0,0.886269725
MOLM13_HAEMATOPOIETIC_AND_LYMPHOID_TISSUE,0.0,0.0,0.0,0.0,0.0,0.0,0.9634626450000001
MOLM16_HAEMATOPOIETIC_AND_LYMPHOID_TISSUE,0.0,0.0,0.0,0.0,0.0,0.0,0.83890678
MOLP8_HAEMATOPOIETIC_AND_LYMPHOID_TISSUE,0.0,0.0,0.0,0.0,0.0,1.0,0.830334795
NAMALWA_HAEMATOPOIETIC_AND_LYMPHOID_TISSUE,1.0,0.0,0.0,0.0,0.0,0.0,0.992058975
NB1_AUTONOMIC_GANGLIA,0.0,0.0,0.0,1.0,0.0,0.0,0.94446605
NB4_HAEMATOPOIETIC_AND_LYMPHOID_TISSUE,0.0,0.0,0.0,0.0,1.0,0.0,0.26163949
NCIH1341_LUNG,0.0,0.0,0.0,0.0,0.0,0.0,0.9579649566666667
NCIH1436_LUNG,0.0,0.0,0.0,0.0,0.0,0.0,0.96688156
NCIH1836_LUNG,0.0,0.0,0.0,0.0,0.0,0.0,0.9901511199999999
NCIH1944_LUNG,0.0,0.0,0.0,0.0,1.0,0.0,0.48577032
NCIH2172_LUNG,0.0,1.0,0.0,0.0,0.0,0.0,0.9822219233333334
NUGC4_STOMACH,0.0,0.0,0.0,0.0,0.0,0.0,0.7672196733333334
OCIAML5_HAEMATOPOIETIC_AND_LYMPHOID_TISSUE,0.0,0.0,0.0,0.0,0.0,0.0,0.79048534
OCILY19_HAEMATOPOIETIC_AND_LYMPHOID_TISSUE,0.0,0.0,0.0,0.0,0.0,1.0,0.87777886
OCIM1_HAEMATOPOIETIC_AND_LYMPHOID_TISSUE,0.0,0.0,0.0,0.0,0.0,0.0,0.9781184
OV90_OVARY,0.0,0.0,0.0,1.0,0.0,0.0,0.363190505
OVTOKO_OVARY,0.0,0.0,0.0,0.0,0.0,0.0,0.82919902
PANC0203_PANCREAS,0.0,0.0,0.0,0.0,1.0,0.0,0.47188533499999996
PANC0403_PANCREAS,0.0,0.0,0.0,1.0,1.0,0.0,0.760885025
PATU8902_PANCREAS,0.0,0.0,0.0,0.0,1.0,0.0,0.72751466
RKN_SOFT_TISSUE,0.0,0.0,0.0,0.0,1.0,0.0,0.71987307
RPMI8402_HAEMATOPOIETIC_AND_LYMPHOID_TISSUE,0.0,0.0,0.0,0.0,0.0,0.0,0.992478325
SF295_CENTRAL_NERVOUS_SYSTEM,0.0,0.0,0.0,0.0,0.0,0.0,0.946813955
SIMA_AUTONOMIC_GANGLIA,0.0,0.0,0.0,0.0,0.0,0.0,0.57877355
SKCO1_LARGE_INTESTINE,0.0,0.0,0.0,0.0,1.0,0.0,0.43325852499999995
SKMEL31_SKIN,0.0,0.0,0.0,1.0,0.0,0.0,0.7392598
SNGM_ENDOMETRIUM,0.0,0.0,0.0,0.0,1.0,0.0,0.9876963066666667
SNU61_LARGE_INTESTINE,0.0,0.0,0.0,0.0,1.0,0.0,0.887163805
SUDHL10_HAEMATOPOIETIC_AND_LYMPHOID_TISSUE,1.0,0.0,0.0,0.0,1.0,0.0,0.9987901966666666
SUDHL4_HAEMATOPOIETIC_AND_LYMPHOID_TISSUE,0.0,0.0,0.0,0.0,0.0,0.0,0.99844445
SUDHL5_HAEMATOPOIETIC_AND_LYMPHOID_TISSUE,1.0,0.0,0.0,0.0,0.0,0.0,0.9708400749999999
SUDHL6_HAEMATOPOIETIC_AND_LYMPHOID_TISSUE,0.0,0.0,0.0,0.0,0.0,0.0,0.9755921
SUDHL8_HAEMATOPOIETIC_AND_LYMPHOID_TISSUE,1.0,0.0,0.0,1.0,0.0,0.0,0.9902923866666667
SUPHD1_HAEMATOPOIETIC_AND_LYMPHOID_TISSUE,0.0,0.0,0.0,0.0,0.0,0.0,0.98950932
SUPM2_HAEMATOPOIETIC_AND_LYMPHOID_TISSUE,0.0,0.0,0.0,0.0,0.0,0.0,0.9950806999999999
SW1271_LUNG,1.0,0.0,0.0,1.0,0.0,1.0,0.67137046
SW1353_BONE,0.0,0.0,0.0,0.0,0.0,0.0,0.829797
SW1573_LUNG,0.0,0.0,0.0,0.0,1.0,0.0,0.9425166366666667
TE617T_SOFT_TISSUE,0.0,0.0,0.0,0.0,0.0,0.0,0.863165
TOV21G_OVARY,0.0,0.0,0.0,0.0,1.0,0.0,0.842794825
TT_OESOPHAGUS,0.0,0.0,0.0,0.0,0.0,0.0,0.8903772600000001
TYKNU_OVARY,0.0,0.0,0.0,0.0,0.0,1.0,0.51500579
WM793_SKIN,0.0,0.0,0.0,1.0,0.0,0.0,0.8710408466666667
WSUDLCL2_HAEMATOPOIETIC_AND_LYMPHOID_TISSUE,0.0,0.0,0.0,0.0,0.0,0.0,0.994704485
2313287_STOMACH,0.0,0.0,0.0,0.0,0.0,0.0,0.88427262
5637_URINARY_TRACT,0.0,1.0,0.0,0.0,0.0,0.0,0.98643036
786O_KIDNEY,0.0,0.0,0.0,0.0,0.0,0.0,0.8717412
A2780_OVARY,0.0,0.0,0.0,1.0,0.0,0.0,0.9799484166666667
A375_SKIN,0.0,0.0,0.0,1.0,0.0,0.0,0.257850745
A549_LUNG,0.0,0.0,0.0,0.0,1.0,0.0,0.53343352
AGS_STOMACH,0.0,0.0,0.0,0.0,1.0,0.0,0.387121245
C2BBE1_LARGE_INTESTINE,0.0,0.0,0.0,0.0,0.0,0.0,0.5865886366666666
CAL27_UPPER_AERODIGESTIVE_TRACT,0.0,0.0,0.0,0.0,0.0,1.0,0.7571045166666668
CHP212_AUTONOMIC_GANGLIA,0.0,0.0,0.0,0.0,0.0,1.0,0.12242871
COLO668_LUNG,0.0,1.0,0.0,0.0,1.0,0.0,0.957846825
CORL279_LUNG,0.0,0.0,0.0,0.0,0.0,1.0,0.993309395
CORL88_LUNG,0.0,1.0,0.0,0.0,0.0,0.0,0.98954337
DB_HAEMATOPOIETIC_AND_LYMPHOID_TISSUE,0.0,0.0,0.0,0.0,0.0,0.0,0.9730029099999999
DMS114_LUNG,0.0,0.0,0.0,0.0,0.0,0.0,0.9061759533333333
DMS273_LUNG,0.0,1.0,0.0,0.0,0.0,0.0,0.94815118
DU145_PROSTATE,0.0,1.0,0.0,0.0,0.0,0.0,0.9874183400000001
EFO27_OVARY,1.0,0.0,0.0,0.0,0.0,0.0,0.7961325
FADU_UPPER_AERODIGESTIVE_TRACT,0.0,0.0,0.0,0.0,0.0,0.0,0.5142833
FU97_STOMACH,0.0,0.0,0.0,0.0,0.0,0.0,0.772028975
G361_SKIN,0.0,0.0,0.0,1.0,0.0,0.0,0.151642255
GCIY_STOMACH,0.0,0.0,0.0,0.0,0.0,0.0,0.858973625
HARA_LUNG,0.0,0.0,0.0,0.0,0.0,0.0,0.895783295
HCC15_LUNG,0.0,1.0,0.0,0.0,0.0,1.0,0.576330725
HCC44_LUNG,0.0,1.0,0.0,0.0,1.0,0.0,0.225944215
HCT116_LARGE_INTESTINE,0.0,0.0,0.0,0.0,1.0,0.0,0.87042855
HCT15_LARGE_INTESTINE,0.0,0.0,0.0,0.0,1.0,0.0,0.797093115
HGC27_STOMACH,0.0,0.0,0.0,0.0,0.0,0.0,0.98461401
HS746T_STOMACH,0.0,0.0,0.0,0.0,0.0,0.0,0.72767459
HT29_LARGE_INTESTINE,0.0,0.0,0.0,1.0,0.0,0.0,0.5692474233333333
KATOIII_STOMACH,0.0,0.0,0.0,0.0,0.0,0.0,0.964260205
KNS62_LUNG,0.0,0.0,0.0,0.0,0.0,0.0,0.6795509550000001
KYSE410_OESOPHAGUS,0.0,0.0,1.0,0.0,1.0,0.0,0.70229228
KYSE450_OESOPHAGUS,0.0,0.0,0.0,0.0,0.0,0.0,0.9365575966666667
LOXIMVI_SKIN,0.0,0.0,0.0,1.0,0.0,0.0,0.62705663
MKN7_STOMACH,0.0,0.0,1.0,0.0,0.0,0.0,0.85276998
MSTO211H_PLEURA,0.0,0.0,0.0,0.0,0.0,0.0,0.950509455
NCIH1105_LUNG,0.0,1.0,0.0,0.0,0.0,0.0,0.995532855
NCIH1437_LUNG,0.0,0.0,0.0,0.0,0.0,0.0,0.49053621000000003
NCIH146_LUNG,0.0,1.0,0.0,0.0,0.0,0.0,0.9967766650000001
NCIH1651_LUNG,0.0,0.0,0.0,1.0,0.0,0.0,0.976411365
NCIH1694_LUNG,0.0,1.0,0.0,0.0,0.0,0.0,0.9677416833333333
NCIH1876_LUNG,0.0,1.0,0.0,0.0,0.0,1.0,0.99027635
NCIH2052_PLEURA,0.0,0.0,0.0,0.0,0.0,0.0,0.98496781
NCIH2066_LUNG,0.0,0.0,0.0,0.0,0.0,0.0,0.75745217
NCIH2081_LUNG,0.0,1.0,0.0,0.0,0.0,0.0,0.9900998400000001
NCIH209_LUNG,0.0,1.0,0.0,0.0,0.0,0.0,0.98665465
NCIH211_LUNG,0.0,0.0,0.0,0.0,0.0,0.0,0.988180795
NCIH2227_LUNG,0.0,1.0,0.0,1.0,0.0,0.0,0.9560054499999999
NCIH510_LUNG,0.0,1.0,0.0,0.0,0.0,0.0,0.9621921250000001
NCIH522_LUNG,0.0,0.0,0.0,0.0,0.0,0.0,0.946056655
NCIH524_LUNG,0.0,1.0,0.0,0.0,0.0,0.0,0.9930408850000001
NCIH650_LUNG,0.0,0.0,0.0,0.0,1.0,0.0,0.989232875
NCIH661_LUNG,0.0,0.0,0.0,0.0,0.0,0.0,0.7823153549999999
NCIH69_LUNG,1.0,1.0,0.0,0.0,0.0,0.0,0.98780709
NCIH747_LARGE_INTESTINE,0.0,0.0,0.0,0.0,1.0,0.0,0.622254705
NCIH82_LUNG,0.0,1.0,0.0,0.0,0.0,0.0,0.99217251
NCIH841_LUNG,0.0,0.0,0.0,0.0,0.0,0.0,0.91370912
NCIN87_STOMACH,0.0,0.0,1.0,0.0,0.0,0.0,0.92735042
NUGC3_STOMACH,0.0,0.0,0.0,0.0,0.0,0.0,0.814148555
ONS76_CENTRAL_NERVOUS_SYSTEM,0.0,0.0,0.0,0.0,0.0,1.0,0.47538243
OPM2_HAEMATOPOIETIC_AND_LYMPHOID_TISSUE,0.0,0.0,0.0,0.0,0.0,0.0,0.99612596
PC14_LUNG,0.0,0.0,0.0,0.0,0.0,0.0,0.9850379633333333
PC3_PROSTATE,0.0,0.0,0.0,0.0,0.0,0.0,0.95525883
RERFLCMS_LUNG,0.0,0.0,0.0,0.0,0.0,0.0,0.86252381
RKO_LARGE_INTESTINE,1.0,0.0,0.0,1.0,0.0,0.0,0.6193021866666667
SBC5_LUNG,0.0,0.0,0.0,0.0,0.0,0.0,0.9916155099999999
SCC25_UPPER_AERODIGESTIVE_TRACT,0.0,0.0,0.0,0.0,0.0,0.0,0.74960391
SHP77_LUNG,0.0,0.0,0.0,0.0,1.0,0.0,0.921150315
SKHEP1_LIVER,0.0,0.0,0.0,1.0,0.0,0.0,0.8086012
SKLMS1_SOFT_TISSUE,0.0,0.0,0.0,0.0,0.0,0.0,0.72620887
SKMES1_LUNG,0.0,0.0,0.0,0.0,0.0,0.0,0.8449628
SKOV3_OVARY,0.0,0.0,1.0,0.0,0.0,0.0,0.89249528
SNU16_STOMACH,0.0,0.0,0.0,1.0,1.0,0.0,0.99370565
SNU1_STOMACH,0.0,0.0,0.0,1.0,1.0,0.0,0.9845682899999999
SNU387_LIVER,0.0,0.0,0.0,0.0,0.0,1.0,0.5489744233333332
SNU423_LIVER,0.0,0.0,0.0,0.0,0.0,0.0,0.80907211
SW900_LUNG,1.0,0.0,0.0,0.0,1.0,0.0,0.86524316
TE11_OESOPHAGUS,0.0,0.0,0.0,0.0,0.0,0.0,0.9354653900000001
TE5_OESOPHAGUS,0.0,0.0,0.0,0.0,0.0,0.0,0.924760405
U87MG_CENTRAL_NERVOUS_SYSTEM,0.0,0.0,0.0,0.0,0.0,0.0,0.94694552
UACC257_SKIN,0.0,0.0,0.0,1.0,0.0,0.0,0.51293128
8305C_THYROID,0.0,0.0,0.0,1.0,0.0,0.0,0.6950008566666667
A101D_SKIN,0.0,0.0,0.0,1.0,0.0,0.0,0.560497465
A3KAW_HAEMATOPOIETIC_AND_LYMPHOID_TISSUE,1.0,0.0,0.0,0.0,0.0,0.0,0.98515366
A704_KIDNEY,0.0,0.0,0.0,0.0,0.0,0.0,0.926590735
AU565_BREAST,0.0,0.0,1.0,0.0,0.0,0.0,0.825409685
BT20_BREAST,0.0,1.0,0.0,0.0,0.0,0.0,0.9144041966666666
BT474_BREAST,0.0,0.0,1.0,0.0,0.0,0.0,0.9744197766666668
BT483_BREAST,0.0,0.0,0.0,0.0,0.0,0.0,0.969616755
CAL120_BREAST,0.0,0.0,0.0,0.0,0.0,0.0,0.9624982049999999
CAL51_BREAST,0.0,0.0,0.0,0.0,0.0,0.0,0.982370895
CAL54_KIDNEY,0.0,0.0,0.0,0.0,0.0,0.0,0.7763938399999999
CAL851_BREAST,0.0,1.0,0.0,0.0,0.0,0.0,0.7887825033333332
CALU6_LUNG,0.0,0.0,0.0,0.0,1.0,0.0,0.9435749600000001
CAPAN1_PANCREAS,0.0,0.0,0.0,0.0,1.0,0.0,0.697983665
CAS1_CENTRAL_NERVOUS_SYSTEM,0.0,0.0,0.0,0.0,0.0,0.0,0.9707016366666666
CCK81_LARGE_INTESTINE,0.0,0.0,0.0,1.0,0.0,0.0,0.8547483650000001
CHAGOK1_LUNG,0.0,1.0,0.0,0.0,0.0,0.0,0.87596826
DANG_PANCREAS,0.0,0.0,0.0,0.0,1.0,0.0,0.8784251799999999
DETROIT562_UPPER_AERODIGESTIVE_TRACT,0.0,0.0,0.0,0.0,0.0,0.0,0.9580172966666667
DU4475_BREAST,0.0,0.0,0.0,1.0,0.0,0.0,0.241118965
EBC1_LUNG,0.0,0.0,0.0,0.0,0.0,0.0,0.675584555
EFM192A_BREAST,0.0,0.0,1.0,0.0,0.0,0.0,0.9396048
EFO21_OVARY,0.0,0.0,0.0,0.0,0.0,0.0,0.904776405
EOL1_HAEMATOPOIETIC_AND_LYMPHOID_TISSUE,0.0,0.0,0.0,0.0,0.0,0.0,0.7756300700000001
ES2_OVARY,0.0,0.0,0.0,1.0,0.0,0.0,0.56164077
FUOV1_OVARY,0.0,0.0,0.0,0.0,0.0,0.0,0.882613105
GAMG_CENTRAL_NERVOUS_SYSTEM,0.0,0.0,0.0,0.0,0.0,0.0,0.8925890400000001
GB1_CENTRAL_NERVOUS_SYSTEM,0.0,0.0,0.0,0.0,0.0,0.0,0.9435699966666666
GI1_CENTRAL_NERVOUS_SYSTEM,1.0,1.0,0.0,0.0,0.0,0.0,0.94969692
H4_CENTRAL_NERVOUS_SYSTEM,0.0,0.0,0.0,0.0,0.0,0.0,0.9225544033333334
HCC1187_BREAST,0.0,0.0,0.0,0.0,0.0,0.0,0.96054056
HCC1419_BREAST,0.0,0.0,1.0,0.0,0.0,0.0,0.77173602
HCC1428_BREAST,0.0,0.0,0.0,0.0,0.0,0.0,0.9532825600000001
HCC1500_BREAST,0.0,0.0,0.0,0.0,0.0,0.0,0.9902364050000001
HCC1569_BREAST,0.0,0.0,1.0,0.0,0.0,0.0,0.9092431766666667
HCC1937_BREAST,0.0,0.0,0.0,0.0,0.0,0.0,0.86333342
HCC1954_BREAST,0.0,0.0,1.0,0.0,0.0,0.0,0.880872665
HCC202_BREAST,0.0,0.0,1.0,0.0,0.0,0.0,0.9811090250000001
HCC2157_BREAST,0.0,0.0,0.0,0.0,0.0,0.0,0.98098794
HCC38_BREAST,0.0,0.0,0.0,0.0,0.0,0.0,0.9853365700000001
HCC827_LUNG,0.0,0.0,0.0,0.0,0.0,0.0,0.9620565966666667
HDQP1_BREAST,0.0,0.0,0.0,0.0,0.0,0.0,0.860317765
HT115_LARGE_INTESTINE,0.0,0.0,0.0,1.0,0.0,0.0,0.890524255
HT1376_URINARY_TRACT,0.0,1.0,0.0,0.0,0.0,0.0,0.8995176500000001
HT144_SKIN,0.0,0.0,0.0,1.0,0.0,0.0,0.45135329
HUTU80_SMALL_INTESTINE,0.0,0.0,0.0,0.0,0.0,0.0,0.877366105
IGROV1_OVARY,0.0,1.0,0.0,0.0,0.0,0.0,0.79305745
JHH1_LIVER,0.0,0.0,0.0,0.0,0.0,0.0,0.621358085
JHH7_LIVER,0.0,0.0,0.0,0.0,0.0,0.0,0.874437515
KARPAS299_HAEMATOPOIETIC_AND_LYMPHOID_TISSUE,0.0,0.0,0.0,0.0,0.0,0.0,0.9372441533333333
KLE_ENDOMETRIUM,0.0,0.0,0.0,0.0,0.0,0.0,0.9329778066666666
KM12_LARGE_INTESTINE,0.0,0.0,0.0,1.0,0.0,0.0,0.8286969399999999
KNS81_CENTRAL_NERVOUS_SYSTEM,0.0,0.0,0.0,0.0,0.0,0.0,0.93877
KU1919_URINARY_TRACT,0.0,0.0,0.0,0.0,0.0,1.0,0.82029462
KYM1_SOFT_TISSUE,0.0,0.0,0.0,0.0,0.0,0.0,0.9406900499999999
KYSE520_OESOPHAGUS,0.0,0.0,0.0,0.0,0.0,0.0,0.749902655
LAMA84_HAEMATOPOIETIC_AND_LYMPHOID_TISSUE,0.0,0.0,0.0,0.0,0.0,0.0,0.5593058949999999
LK2_LUNG,0.0,0.0,0.0,0.0,0.0,0.0,0.98698189
LN18_CENTRAL_NERVOUS_SYSTEM,0.0,0.0,0.0,0.0,0.0,0.0,0.832266985
LN229_CENTRAL_NERVOUS_SYSTEM,0.0,0.0,0.0,0.0,0.0,0.0,0.78942801
LOVO_LARGE_INTESTINE,0.0,0.0,0.0,0.0,1.0,0.0,0.67991216
LS180_LARGE_INTESTINE,0.0,0.0,0.0,1.0,1.0,0.0,0.6538160049999999
LS411N_LARGE_INTESTINE,0.0,0.0,0.0,1.0,0.0,0.0,0.75038981
LS513_LARGE_INTESTINE,0.0,0.0,0.0,1.0,1.0,0.0,0.481642145
MCF7_BREAST,0.0,0.0,0.0,0.0,0.0,0.0,0.945405505
MDAMB157_BREAST,0.0,0.0,0.0,0.0,0.0,0.0,0.9872811850000001
MDAMB231_BREAST,0.0,0.0,0.0,1.0,1.0,0.0,0.799831935
MDAMB361_BREAST,0.0,0.0,1.0,1.0,0.0,0.0,0.91290951
MDAMB453_BREAST,0.0,0.0,0.0,0.0,0.0,0.0,0.986045835
MFE280_ENDOMETRIUM,0.0,0.0,0.0,0.0,0.0,0.0,0.97581546
MFE319_ENDOMETRIUM,0.0,0.0,0.0,1.0,0.0,0.0,0.6820887533333333
MIAPACA2_PANCREAS,0.0,0.0,0.0,0.0,1.0,0.0,0.4552590966666667
MKN1_STOMACH,0.0,0.0,0.0,0.0,0.0,0.0,0.92267016
MV411_HAEMATOPOIETIC_AND_LYMPHOID_TISSUE,0.0,0.0,0.0,0.0,0.0,0.0,0.6865449800000001
NCIH1355_LUNG,0.0,0.0,0.0,0.0,1.0,0.0,0.623409805
NCIH1435_LUNG,0.0,0.0,0.0,0.0,0.0,0.0,0.99476114
NCIH1693_LUNG,0.0,0.0,0.0,0.0,0.0,0.0,0.899764605
NCIH1703_LUNG,0.0,0.0,0.0,0.0,0.0,0.0,0.8509895766666666
NCIH1792_LUNG,0.0,0.0,0.0,0.0,1.0,0.0,0.8865657849999999
NCIH1869_LUNG,0.0,0.0,0.0,0.0,0.0,0.0,0.87167359
NCIH1975_LUNG,0.0,0.0,0.0,0.0,0.0,0.0,0.7684106766666666
NCIH2030_LUNG,0.0,0.0,0.0,0.0,1.0,0.0,0.82463693
NCIH226_LUNG,0.0,0.0,0.0,0.0,0.0,0.0,0.9782861500000001
NCIH23_LUNG,0.0,0.0,0.0,0.0,1.0,0.0,0.80282038
NCIH358_LUNG,0.0,0.0,0.0,0.0,1.0,0.0,0.57800878
NCIH460_LUNG,0.0,0.0,0.0,0.0,1.0,0.0,0.7934394766666667
NCIH508_LARGE_INTESTINE,0.0,0.0,0.0,1.0,0.0,0.0,0.70937731
NCIH520_LUNG,0.0,0.0,0.0,0.0,0.0,0.0,0.9579599000000001
NCIH596_LUNG,0.0,1.0,0.0,0.0,0.0,0.0,0.9359339950000001
NCIH838_LUNG,0.0,0.0,0.0,0.0,0.0,0.0,0.7345246400000001
NIHOVCAR3_OVARY,0.0,0.0,0.0,0.0,0.0,0.0,0.9353311333333334
OAW42_OVARY,0.0,0.0,0.0,0.0,0.0,0.0,0.8649023650000001
OE19_OESOPHAGUS,0.0,0.0,1.0,0.0,0.0,0.0,0.919801165
OSRC2_KIDNEY,0.0,0.0,0.0,0.0,0.0,0.0,0.7073406200000001
OV56_OVARY,0.0,0.0,0.0,0.0,1.0,0.0,0.81403149
OV7_OVARY,0.0,1.0,0.0,0.0,1.0,0.0,0.77408315
OVCAR4_OVARY,0.0,0.0,0.0,0.0,0.0,0.0,0.8146456633333333
OVCAR8_OVARY,0.0,0.0,0.0,0.0,1.0,0.0,0.9519198533333334
OVK18_OVARY,0.0,0.0,0.0,0.0,1.0,0.0,0.5447795449999999
PANC0327_PANCREAS,0.0,0.0,0.0,0.0,1.0,0.0,0.81328658
PANC1005_PANCREAS,0.0,0.0,0.0,0.0,1.0,0.0,0.85178608
QGP1_PANCREAS,0.0,0.0,0.0,0.0,1.0,0.0,0.868969
RPMI7951_SKIN,0.0,0.0,0.0,1.0,0.0,0.0,0.8665757133333333
RPMI8226_HAEMATOPOIETIC_AND_LYMPHOID_TISSUE,0.0,0.0,0.0,0.0,1.0,0.0,0.881965765
RVH421_SKIN,0.0,0.0,0.0,1.0,0.0,0.0,0.5093937
SKLU1_LUNG,0.0,0.0,0.0,0.0,1.0,0.0,0.8171723866666666
SKMEL2_SKIN,0.0,0.0,0.0,0.0,0.0,1.0,0.523681125
SKMEL5_SKIN,0.0,0.0,0.0,1.0,0.0,0.0,0.47843785666666666
SKNAS_AUTONOMIC_GANGLIA,0.0,1.0,0.0,0.0,0.0,1.0,0.5196419466666667
SNU182_LIVER,0.0,0.0,0.0,0.0,0.0,0.0,0.8594634133333333
SNU407_LARGE_INTESTINE,0.0,0.0,0.0,1.0,1.0,0.0,0.677449235
SNU449_LIVER,0.0,0.0,0.0,0.0,0.0,0.0,0.84081356
SUIT2_PANCREAS,0.0,0.0,0.0,0.0,1.0,0.0,0.50065786
SW1783_CENTRAL_NERVOUS_SYSTEM,0.0,1.0,0.0,0.0,0.0,0.0,0.9901882399999999
SW48_LARGE_INTESTINE,0.0,0.0,0.0,0.0,0.0,0.0,0.9243322233333333
SW948_LARGE_INTESTINE,0.0,0.0,0.0,0.0,1.0,0.0,0.847788255
T47D_BREAST,0.0,0.0,0.0,0.0,0.0,0.0,0.9781711500000001
T84_LARGE_INTESTINE,0.0,0.0,0.0,0.0,1.0,0.0,0.988480865
TE1_OESOPHAGUS,0.0,1.0,0.0,1.0,0.0,0.0,0.92664147
THP1_HAEMATOPOIETIC_AND_LYMPHOID_TISSUE,0.0,0.0,0.0,0.0,0.0,1.0,0.93975663
UACC893_BREAST,0.0,0.0,1.0,0.0,0.0,0.0,0.893815985
VMCUB1_URINARY_TRACT,0.0,0.0,0.0,0.0,0.0,0.0,0.884516895
201T_LUNG,0.0,0.0,0.0,0.0,0.0,0.0,0.884533
42MGBA_CENTRAL_NERVOUS_SYSTEM,0.0,1.0,0.0,0.0,0.0,0.0,0.9466463300000001
639V_URINARY_TRACT,0.0,1.0,0.0,0.0,1.0,1.0,0.42644455
647V_URINARY_TRACT,0.0,1.0,0.0,0.0,0.0,0.0,0.901631905
697_HAEMATOPOIETIC_AND_LYMPHOID_TISSUE,0.0,0.0,0.0,0.0,0.0,1.0,0.9644209400000001
8505C_THYROID,0.0,0.0,0.0,1.0,0.0,0.0,0.7323377033333335
8MGBA_CENTRAL_NERVOUS_SYSTEM,0.0,0.0,0.0,0.0,0.0,0.0,0.9600989566666667
A388_SKIN,0.0,0.0,0.0,0.0,0.0,0.0,0.81609104
A498_KIDNEY,0.0,0.0,0.0,0.0,0.0,0.0,0.78596651
ALLPO_HAEMATOPOIETIC_AND_LYMPHOID_TISSUE,0.0,0.0,0.0,0.0,0.0,0.0,0.8802610000000001
AM38_CENTRAL_NERVOUS_SYSTEM,0.0,0.0,0.0,1.0,0.0,0.0,0.950457415
ARH77_HAEMATOPOIETIC_AND_LYMPHOID_TISSUE,0.0,0.0,0.0,0.0,0.0,0.0,0.993433
ASH3_THYROID,0.0,0.0,0.0,0.0,0.0,1.0,0.647066935
ASPC1_PANCREAS,0.0,0.0,0.0,0.0,1.0,0.0,0.607488325
BALL1_HAEMATOPOIETIC_AND_LYMPHOID_TISSUE,0.0,0.0,0.0,0.0,0.0,0.0,0.999603
BC1_HAEMATOPOIETIC_AND_LYMPHOID_TISSUE,0.0,0.0,0.0,0.0,0.0,0.0,0.994898
BCPAP_THYROID,0.0,0.0,0.0,1.0,0.0,0.0,0.75223439
BE13_HAEMATOPOIETIC_AND_LYMPHOID_TISSUE,0.0,0.0,0.0,0.0,0.0,0.0,0.9921280000000001
BECKER_CENTRAL_NERVOUS_SYSTEM,0.0,0.0,0.0,0.0,0.0,0.0,0.935703105
BFTC905_URINARY_TRACT,0.0,0.0,0.0,0.0,0.0,1.0,0.8065900100000001
BHT101_THYROID,0.0,0.0,0.0,1.0,0.0,0.0,0.40687703
BHY_UPPER_AERODIGESTIVE_TRACT,0.0,0.0,0.0,1.0,0.0,0.0,0.6355915
BICR10_UPPER_AERODIGESTIVE_TRACT,0.0,0.0,0.0,1.0,0.0,0.0,0.851842585
BICR22_UPPER_AERODIGESTIVE_TRACT,0.0,0.0,0.0,0.0,0.0,0.0,0.687754975
BPH1_PROSTATE,0.0,0.0,0.0,0.0,0.0,0.0,0.17206854
BT549_BREAST,0.0,0.0,0.0,0.0,0.0,0.0,0.96613886
BV173_HAEMATOPOIETIC_AND_LYMPHOID_TISSUE,0.0,0.0,0.0,0.0,0.0,0.0,0.861428
BXPC3_PANCREAS,0.0,0.0,0.0,1.0,0.0,0.0,0.88012387
C32_SKIN,0.0,0.0,0.0,1.0,0.0,0.0,0.37581737000000004
C33A_CERVIX,0.0,1.0,0.0,1.0,0.0,0.0,0.89623783
C3A_LIVER,0.0,0.0,0.0,0.0,0.0,1.0,0.7903729850000001
C4I_CERVIX,0.0,0.0,0.0,0.0,0.0,0.0,0.62801403
CA46_HAEMATOPOIETIC_AND_LYMPHOID_TISSUE,1.0,0.0,0.0,0.0,0.0,0.0,0.9883150700000001
CAL12T_LUNG,0.0,1.0,0.0,1.0,0.0,0.0,0.8673653033333334
CAL29_URINARY_TRACT,0.0,0.0,0.0,0.0,0.0,0.0,0.8016235
CAL33_UPPER_AERODIGESTIVE_TRACT,0.0,0.0,0.0,0.0,0.0,0.0,0.606059955
CAL62_THYROID,0.0,0.0,0.0,0.0,1.0,0.0,0.74928771
CAL72_BONE,0.0,0.0,0.0,0.0,0.0,0.0,0.9759826300000001
CAL78_BONE,0.0,0.0,0.0,0.0,0.0,0.0,0.842508585
CAOV4_OVARY,0.0,0.0,0.0,0.0,0.0,0.0,0.5921380350000001
CAPAN2_PANCREAS,0.0,0.0,0.0,0.0,1.0,0.0,0.75880745
CASKI_CERVIX,0.0,0.0,0.0,0.0,0.0,0.0,0.812701235
CCRFCEM_HAEMATOPOIETIC_AND_LYMPHOID_TISSUE,0.0,0.0,0.0,0.0,1.0,0.0,0.951067045
CESS_HAEMATOPOIETIC_AND_LYMPHOID_TISSUE,0.0,0.0,0.0,0.0,0.0,0.0,0.986116
CFPAC1_PANCREAS,0.0,0.0,0.0,0.0,1.0,0.0,0.857139195
CGTHW1_THYROID,0.0,0.0,0.0,0.0,0.0,0.0,0.857206775
CHL1_SKIN,0.0,0.0,0.0,0.0,0.0,0.0,0.8082256800000001
CHP126_AUTONOMIC_GANGLIA,0.0,0.0,0.0,0.0,0.0,0.0,0.98944719
CHP134_AUTONOMIC_GANGLIA,0.0,0.0,0.0,0.0,0.0,0.0,0.98102285
CHSA0011_BONE,0.0,0.0,0.0,0.0,0.0,0.0,0.721975
CHSA0108_BONE,0.0,0.0,0.0,0.0,0.0,0.0,0.869223
CHSA8926_BONE,0.0,0.0,0.0,0.0,0.0,0.0,0.8684790000000001
CL34_LARGE_INTESTINE,0.0,0.0,0.0,1.0,0.0,0.0,0.573951875
COLO205_LARGE_INTESTINE,0.0,0.0,0.0,1.0,0.0,0.0,0.538740275
COLO320_LARGE_INTESTINE,0.0,0.0,0.0,0.0,0.0,0.0,0.994954
COLO678_LARGE_INTESTINE,0.0,0.0,0.0,0.0,1.0,0.0,0.7477849000000001
COLO679_SKIN,0.0,0.0,0.0,1.0,0.0,0.0,0.45782008999999996
COLO680N_OESOPHAGUS,0.0,0.0,0.0,0.0,0.0,0.0,0.9107388750000001
COLO684_ENDOMETRIUM,0.0,1.0,0.0,0.0,0.0,0.0,0.9830586649999999
COLO800_SKIN,0.0,0.0,0.0,1.0,0.0,0.0,0.969539665
CP50MELB_SKIN,0.0,0.0,0.0,1.0,0.0,0.0,0.36078499999999997
CP66MEL_SKIN,0.0,0.0,0.0,0.0,0.0,1.0,0.307068
CPCN_LUNG,0.0,1.0,0.0,0.0,0.0,0.0,0.9874656049999999
CROAP2_HAEMATOPOIETIC_AND_LYMPHOID_TISSUE,0.0,0.0,0.0,0.0,0.0,0.0,0.9799040000000001
CS1_BONE,0.0,0.0,0.0,0.0,0.0,0.0,0.800667
CTB1_HAEMATOPOIETIC_AND_LYMPHOID_TISSUE,1.0,0.0,0.0,0.0,0.0,0.0,0.986151
CTV1_HAEMATOPOIETIC_AND_LYMPHOID_TISSUE,0.0,0.0,0.0,0.0,0.0,0.0,0.970348
CW2_LARGE_INTESTINE,0.0,0.0,0.0,0.0,1.0,0.0,0.96237729
DBTRG05MG_CENTRAL_NERVOUS_SYSTEM,0.0,0.0,0.0,1.0,0.0,0.0,0.7696284950000001
DEL_HAEMATOPOIETIC_AND_LYMPHOID_TISSUE,0.0,0.0,0.0,0.0,0.0,0.0,0.989144565
DG75_HAEMATOPOIETIC_AND_LYMPHOID_TISSUE,1.0,0.0,0.0,0.0,0.0,0.0,0.988302
DIFI_LARGE_INTESTINE,0.0,0.0,0.0,0.0,0.0,0.0,0.814279
DJM1_SKIN,0.0,0.0,0.0,0.0,0.0,0.0,0.9567450000000001
DKMG_CENTRAL_NERVOUS_SYSTEM,0.0,0.0,0.0,0.0,0.0,0.0,0.7770138866666666
DOHH2_HAEMATOPOIETIC_AND_LYMPHOID_TISSUE,1.0,0.0,0.0,0.0,0.0,0.0,0.9869830399999999
DOTC24510_CERVIX,0.0,0.0,0.0,0.0,0.0,0.0,0.944861395
EB2_HAEMATOPOIETIC_AND_LYMPHOID_TISSUE,1.0,0.0,0.0,0.0,0.0,0.0,0.99248343
EB3_HAEMATOPOIETIC_AND_LYMPHOID_TISSUE,1.0,0.0,0.0,0.0,0.0,0.0,0.99031
ECC10_STOMACH,0.0,1.0,0.0,0.0,0.0,0.0,0.96322846
ECGI10_OESOPHAGUS,0.0,0.0,0.0,0.0,0.0,0.0,0.70188069
EHEB_HAEMATOPOIETIC_AND_LYMPHOID_TISSUE,0.0,0.0,0.0,0.0,0.0,0.0,0.8794035149999999
EKVX_LUNG,1.0,0.0,0.0,0.0,0.0,0.0,0.797542625
EM2_HAEMATOPOIETIC_AND_LYMPHOID_TISSUE,0.0,0.0,0.0,0.0,0.0,0.0,0.57736202
EMCBAC1_LUNG,0.0,0.0,0.0,0.0,0.0,0.0,0.9052309999999999
EMCBAC2_LUNG,0.0,0.0,0.0,0.0,1.0,0.0,0.648907
EN_ENDOMETRIUM,0.0,0.0,0.0,1.0,0.0,0.0,0.9065526966666667
ES1_BONE,0.0,0.0,0.0,0.0,0.0,0.0,0.908122
ES3_BONE,0.0,0.0,0.0,0.0,0.0,0.0,0.984276
ES4_BONE,0.0,0.0,0.0,0.0,0.0,0.0,0.961493
ES5_BONE,0.0,0.0,0.0,0.0,0.0,0.0,0.984555
ES6_BONE,0.0,0.0,0.0,0.0,0.0,0.0,0.895904
ES7_BONE,0.0,0.0,0.0,0.0,0.0,0.0,0.9892700000000001
ES8_BONE,0.0,0.0,0.0,0.0,0.0,0.0,0.7835949999999999
ETK1_BILIARY_TRACT,0.0,0.0,0.0,0.0,0.0,0.0,0.9546870000000001
EVSAT_BREAST,0.0,0.0,0.0,0.0,0.0,0.0,0.961525615
EW11_BONE,0.0,0.0,0.0,0.0,0.0,0.0,0.9820629999999999
EW13_BONE,0.0,0.0,0.0,0.0,0.0,0.0,0.991218
EW16_BONE,0.0,0.0,0.0,0.0,0.0,0.0,0.9224540000000001
EW18_BONE,0.0,0.0,0.0,0.0,0.0,0.0,0.991552
EW1_BONE,0.0,0.0,0.0,0.0,0.0,0.0,0.963103
EW22_BONE,0.0,0.0,0.0,0.0,0.0,0.0,0.993416
EW24_BONE,0.0,0.0,0.0,0.0,0.0,0.0,0.9971969999999999
EW3_BONE,0.0,0.0,0.0,0.0,0.0,0.0,0.983994
EW7_BONE,0.0,0.0,0.0,0.0,0.0,0.0,0.993563
FARAGE_HAEMATOPOIETIC_AND_LYMPHOID_TISSUE,0.0,0.0,0.0,0.0,0.0,0.0,0.987260205
FTC133_THYROID,0.0,1.0,0.0,0.0,0.0,0.0,0.88820041
G292CLONEA141B1_BONE,0.0,0.0,0.0,0.0,0.0,0.0,0.9755288449999999
GA10_HAEMATOPOIETIC_AND_LYMPHOID_TISSUE,1.0,0.0,0.0,0.0,0.0,1.0,0.99123169
GAK_SKIN,0.0,0.0,0.0,0.0,0.0,1.0,0.735005
GMS10_CENTRAL_NERVOUS_SYSTEM,0.0,1.0,0.0,0.0,0.0,0.0,0.899757405
GOTO_AUTONOMIC_GANGLIA,0.0,0.0,0.0,0.0,0.0,1.0,0.945890745
GRST_HAEMATOPOIETIC_AND_LYMPHOID_TISSUE,1.0,1.0,0.0,1.0,1.0,0.0,0.97977
H9_HAEMATOPOIETIC_AND_LYMPHOID_TISSUE,0.0,0.0,0.0,0.0,0.0,1.0,0.868735
HA7RCC_KIDNEY,0.0,0.0,0.0,0.0,0.0,0.0,0.782408
HAL01_HAEMATOPOIETIC_AND_LYMPHOID_TISSUE,0.0,0.0,0.0,0.0,0.0,1.0,0.8206469999999999
HC1_HAEMATOPOIETIC_AND_LYMPHOID_TISSUE,0.0,0.0,0.0,0.0,0.0,0.0,0.948526
HCC1806_BREAST,0.0,0.0,0.0,0.0,0.0,0.0,0.918891315
HCC2218_BREAST,0.0,0.0,1.0,1.0,0.0,0.0,0.987105425
HCC56_LARGE_INTESTINE,0.0,0.0,0.0,0.0,1.0,0.0,0.58622461
HDLM2_HAEMATOPOIETIC_AND_LYMPHOID_TISSUE,0.0,0.0,0.0,0.0,0.0,0.0,0.974835345
HDMYZ_HAEMATOPOIETIC_AND_LYMPHOID_TISSUE,0.0,0.0,0.0,0.0,0.0,1.0,0.719620685
HEC1_ENDOMETRIUM,0.0,0.0,0.0,0.0,1.0,0.0,0.9848703649999999
HELA_CERVIX,0.0,0.0,0.0,0.0,0.0,0.0,0.94935513
HH_HAEMATOPOIETIC_AND_LYMPHOID_TISSUE,0.0,0.0,0.0,0.0,0.0,0.0,0.946100385
HL60_HAEMATOPOIETIC_AND_LYMPHOID_TISSUE,0.0,0.0,0.0,0.0,0.0,1.0,0.3455038
HLE_LIVER,0.0,0.0,0.0,0.0,0.0,0.0,0.9032790150000001
HN_UPPER_AERODIGESTIVE_TRACT,0.0,0.0,0.0,0.0,0.0,0.0,0.762629505
HOP62_LUNG,0.0,0.0,0.0,0.0,1.0,0.0,0.5059453650000001
HOS_BONE,0.0,0.0,0.0,0.0,0.0,0.0,0.904033895
HS683_CENTRAL_NERVOUS_SYSTEM,0.0,0.0,0.0,0.0,0.0,0.0,0.9594468866666667
HSC2_UPPER_AERODIGESTIVE_TRACT,0.0,0.0,0.0,0.0,0.0,0.0,0.901408115
HSC39_STOMACH,0.0,0.0,0.0,0.0,0.0,0.0,0.9945280000000001
HT1080_SOFT_TISSUE,0.0,0.0,0.0,0.0,0.0,1.0,0.7389947299999999
HT1197_URINARY_TRACT,0.0,0.0,0.0,0.0,0.0,1.0,0.9568871999999999
HT3_CERVIX,0.0,1.0,0.0,0.0,0.0,0.0,0.85004085
HUCCT1_BILIARY_TRACT,0.0,1.0,0.0,0.0,1.0,0.0,0.82357028
HUH7_LIVER,0.0,0.0,0.0,0.0,0.0,0.0,0.910802065
HUO3N1_BONE,0.0,0.0,0.0,0.0,0.0,0.0,0.989302
HUO9_BONE,0.0,1.0,0.0,0.0,0.0,0.0,0.957721995
HUPT3_PANCREAS,0.0,0.0,0.0,0.0,1.0,0.0,0.560529215
HUPT4_PANCREAS,0.0,0.0,0.0,0.0,1.0,0.0,0.50087682
IALM_LUNG,0.0,0.0,0.0,0.0,1.0,0.0,0.7646425
IGR1_SKIN,0.0,0.0,0.0,1.0,0.0,0.0,0.8832355000000001
IHH4_THYROID,0.0,0.0,0.0,1.0,0.0,0.0,0.42131084500000004
IM9_HAEMATOPOIETIC_AND_LYMPHOID_TISSUE,0.0,0.0,0.0,0.0,0.0,1.0,0.973211
IPC298_SKIN,0.0,0.0,0.0,0.0,0.0,1.0,0.46104424
ISTMEL1_SKIN,0.0,0.0,0.0,1.0,0.0,0.0,0.9031600000000001
ISTSL1_LUNG,0.0,1.0,0.0,0.0,0.0,0.0,0.989293
ISTSL2_LUNG,0.0,1.0,0.0,1.0,0.0,0.0,0.980635
JEG3_PLACENTA,0.0,0.0,0.0,0.0,0.0,0.0,0.9904454300000001
JEKO1_HAEMATOPOIETIC_AND_LYMPHOID_TISSUE,0.0,0.0,0.0,1.0,0.0,0.0,0.989471285
JHOS3_OVARY,0.0,0.0,0.0,0.0,0.0,0.0,0.727023
JIYOYEP2003_HAEMATOPOIETIC_AND_LYMPHOID_TISSUE,1.0,0.0,0.0,0.0,0.0,0.0,0.995549
JSC1_HAEMATOPOIETIC_AND_LYMPHOID_TISSUE,0.0,0.0,0.0,0.0,0.0,1.0,0.839432
JVM2_HAEMATOPOIETIC_AND_LYMPHOID_TISSUE,0.0,0.0,0.0,0.0,0.0,0.0,0.95536194
JVM3_HAEMATOPOIETIC_AND_LYMPHOID_TISSUE,0.0,0.0,0.0,1.0,0.0,0.0,0.8915516800000001
K2_SKIN,0.0,0.0,0.0,1.0,0.0,0.0,0.403748
KARPAS1106P_HAEMATOPOIETIC_AND_LYMPHOID_TISSUE,0.0,0.0,0.0,0.0,0.0,0.0,0.969297
KARPAS231_HAEMATOPOIETIC_AND_LYMPHOID_TISSUE,1.0,1.0,0.0,0.0,0.0,0.0,0.996926
KARPAS422_HAEMATOPOIETIC_AND_LYMPHOID_TISSUE,0.0,0.0,0.0,0.0,0.0,0.0,0.9813949700000001
KARPAS45_HAEMATOPOIETIC_AND_LYMPHOID_TISSUE,1.0,0.0,0.0,0.0,0.0,0.0,0.991974
KE37_HAEMATOPOIETIC_AND_LYMPHOID_TISSUE,0.0,0.0,0.0,0.0,0.0,1.0,0.995582355
KELLY_AUTONOMIC_GANGLIA,0.0,0.0,0.0,0.0,0.0,0.0,0.9307226550000001
KG1_HAEMATOPOIETIC_AND_LYMPHOID_TISSUE,0.0,0.0,0.0,0.0,0.0,0.0,0.9595435366666667
KGN_OVARY,0.0,0.0,0.0,0.0,0.0,0.0,0.820218
KMH2_HAEMATOPOIETIC_AND_LYMPHOID_TISSUE,0.0,0.0,0.0,0.0,0.0,0.0,0.9936812
KMOE2_HAEMATOPOIETIC_AND_LYMPHOID_TISSUE,0.0,0.0,0.0,1.0,0.0,1.0,0.244387
KMRC1_KIDNEY,0.0,0.0,0.0,0.0,0.0,0.0,0.903094005
KMRC20_KIDNEY,0.0,0.0,0.0,0.0,0.0,0.0,0.964430755
KNS42_CENTRAL_NERVOUS_SYSTEM,0.0,0.0,0.0,0.0,0.0,0.0,0.979695615
KON_UPPER_AERODIGESTIVE_TRACT,0.0,0.0,0.0,0.0,0.0,0.0,0.65824932
KP1N_PANCREAS,0.0,0.0,0.0,0.0,1.0,0.0,0.954783335
KP3_PANCREAS,0.0,0.0,0.0,0.0,1.0,0.0,0.6997384633333334
KPNYN_AUTONOMIC_GANGLIA,0.0,0.0,0.0,0.0,0.0,0.0,0.9655514599999999
KS1_CENTRAL_NERVOUS_SYSTEM,0.0,0.0,0.0,0.0,0.0,0.0,0.86116166
KU812_HAEMATOPOIETIC_AND_LYMPHOID_TISSUE,0.0,0.0,0.0,0.0,0.0,0.0,0.5337006200000001
KURAMOCHI_OVARY,0.0,0.0,0.0,0.0,0.0,0.0,0.8576096
KY821_HAEMATOPOIETIC_AND_LYMPHOID_TISSUE,0.0,0.0,0.0,0.0,0.0,1.0,0.607572
KYAE1_OESOPHAGUS,0.0,0.0,1.0,0.0,0.0,0.0,0.9591830450000001
KYSE150_OESOPHAGUS,0.0,0.0,0.0,0.0,0.0,0.0,0.88840881
KYSE510_OESOPHAGUS,0.0,0.0,0.0,0.0,0.0,0.0,0.926486215
L363_HAEMATOPOIETIC_AND_LYMPHOID_TISSUE,0.0,0.0,0.0,0.0,0.0,1.0,0.963228865
L428_HAEMATOPOIETIC_AND_LYMPHOID_TISSUE,0.0,0.0,0.0,0.0,0.0,0.0,0.9957290766666667
L540_HAEMATOPOIETIC_AND_LYMPHOID_TISSUE,0.0,0.0,0.0,0.0,0.0,0.0,0.9698527499999999
LAN6_AUTONOMIC_GANGLIA,0.0,0.0,0.0,0.0,1.0,0.0,0.755960795
LB1047RCC_KIDNEY,0.0,0.0,0.0,0.0,0.0,0.0,0.6741159999999999
LB2518MEL_SKIN,0.0,0.0,0.0,0.0,0.0,1.0,0.476009
LB373MELD_SKIN,0.0,0.0,0.0,0.0,0.0,1.0,0.65147
LB647SCLC_LUNG,0.0,0.0,0.0,0.0,0.0,0.0,0.9394959999999999
LB996RCC_KIDNEY,0.0,0.0,0.0,0.0,0.0,0.0,0.781726
LC1SQSF_LUNG,0.0,0.0,0.0,0.0,0.0,0.0,0.894306
LC2AD_LUNG,0.0,0.0,0.0,0.0,0.0,0.0,0.945836
LC41_HAEMATOPOIETIC_AND_LYMPHOID_TISSUE,0.0,0.0,0.0,0.0,0.0,0.0,0.981074
LCLC103H_LUNG,0.0,0.0,0.0,0.0,0.0,0.0,0.945179215
LCLC97TM1_LUNG,0.0,0.0,0.0,0.0,1.0,0.0,0.734725145
LOUCY_HAEMATOPOIETIC_AND_LYMPHOID_TISSUE,0.0,0.0,0.0,0.0,0.0,0.0,0.993713165
LOUNH91_LUNG,0.0,0.0,0.0,0.0,0.0,0.0,0.7588364533333333
LS1034_LARGE_INTESTINE,0.0,0.0,0.0,0.0,1.0,0.0,0.8416921150000001
LU135_LUNG,0.0,0.0,0.0,0.0,0.0,0.0,0.9882724999999999
LU65_LUNG,0.0,1.0,0.0,0.0,1.0,0.0,0.9880016149999999
LXF289_LUNG,0.0,0.0,0.0,0.0,0.0,0.0,0.7960230850000001
M059J_CENTRAL_NERVOUS_SYSTEM,0.0,0.0,0.0,0.0,0.0,0.0,0.9877191966666666
MC116_HAEMATOPOIETIC_AND_LYMPHOID_TISSUE,0.0,0.0,0.0,0.0,0.0,0.0,0.9995096133333333
MCCAR_HAEMATOPOIETIC_AND_LYMPHOID_TISSUE,0.0,0.0,0.0,0.0,0.0,0.0,0.9113030000000001
MDAMB330_BREAST,0.0,0.0,1.0,0.0,0.0,0.0,0.9753051500000001
MDAMB468_BREAST,0.0,0.0,0.0,0.0,0.0,0.0,0.741083685
MDST8_LARGE_INTESTINE,0.0,0.0,0.0,1.0,0.0,0.0,0.77626108
ME180_CERVIX,0.0,0.0,0.0,0.0,0.0,0.0,0.8136444700000001
MEG01_HAEMATOPOIETIC_AND_LYMPHOID_TISSUE,0.0,0.0,0.0,0.0,0.0,0.0,0.7862091533333334
MELHO_SKIN,0.0,0.0,0.0,1.0,0.0,0.0,0.44222176
MELJUSO_SKIN,0.0,0.0,0.0,0.0,0.0,1.0,0.5324136500000001
MESSA_SOFT_TISSUE,0.0,0.0,0.0,0.0,0.0,0.0,0.94629121
MFHINO_SOFT_TISSUE,0.0,0.0,0.0,0.0,0.0,1.0,0.5453
MG63_BONE,0.0,0.0,0.0,0.0,0.0,0.0,0.815337435
MHHES1_BONE,0.0,0.0,0.0,0.0,0.0,0.0,0.77293664
MHHNB11_AUTONOMIC_GANGLIA,0.0,0.0,0.0,0.0,0.0,0.0,0.8880274349999999
MHHPREB1_HAEMATOPOIETIC_AND_LYMPHOID_TISSUE,1.0,0.0,0.0,0.0,0.0,0.0,0.990561
MKN28_STOMACH,0.0,0.0,0.0,0.0,0.0,0.0,0.8813489999999999
ML2_HAEMATOPOIETIC_AND_LYMPHOID_TISSUE,0.0,0.0,0.0,0.0,1.0,0.0,0.842318
MLMA_HAEMATOPOIETIC_AND_LYMPHOID_TISSUE,0.0,0.0,0.0,0.0,0.0,0.0,0.952875
MN60_HAEMATOPOIETIC_AND_LYMPHOID_TISSUE,1.0,0.0,0.0,0.0,0.0,0.0,0.9935719999999999
MOGGCCM_CENTRAL_NERVOUS_SYSTEM,0.0,1.0,0.0,0.0,0.0,0.0,0.8772502333333333
MOGGUVW_CENTRAL_NERVOUS_SYSTEM,1.0,0.0,0.0,0.0,0.0,0.0,0.879257845
MOLT13_HAEMATOPOIETIC_AND_LYMPHOID_TISSUE,0.0,0.0,0.0,0.0,0.0,1.0,0.55676299
MOLT16_HAEMATOPOIETIC_AND_LYMPHOID_TISSUE,0.0,0.0,0.0,0.0,0.0,0.0,0.98873378
MOLT4_HAEMATOPOIETIC_AND_LYMPHOID_TISSUE,0.0,0.0,0.0,0.0,0.0,1.0,0.9781892400000001
MONOMAC6_HAEMATOPOIETIC_AND_LYMPHOID_TISSUE,0.0,0.0,0.0,0.0,0.0,0.0,0.9763466199999999
MPP89_PLEURA,0.0,1.0,0.0,0.0,0.0,0.0,0.954912
MRKNU1_BREAST,0.0,0.0,0.0,0.0,0.0,0.0,0.9793290000000001
MS751_CERVIX,0.0,0.0,0.0,0.0,0.0,0.0,0.9336493
MYM12_HAEMATOPOIETIC_AND_LYMPHOID_TISSUE,0.0,0.0,0.0,0.0,0.0,0.0,0.8275100000000001
MZ1PC_PANCREAS,0.0,0.0,0.0,0.0,1.0,0.0,0.855664
MZ2MEL_SKIN,0.0,0.0,0.0,0.0,0.0,1.0,0.429195
MZ7MEL_SKIN,0.0,0.0,0.0,1.0,0.0,0.0,0.5674899999999999
NALM6_HAEMATOPOIETIC_AND_LYMPHOID_TISSUE,0.0,0.0,0.0,0.0,0.0,1.0,0.99235954
NCC010_KIDNEY,0.0,0.0,0.0,0.0,0.0,0.0,0.8344959999999999
NCC021_KIDNEY,0.0,0.0,0.0,0.0,0.0,0.0,0.921858
NCIH1155_LUNG,0.0,1.0,0.0,0.0,1.0,0.0,0.9596430233333333
NCIH1304_LUNG,0.0,1.0,0.0,0.0,0.0,0.0,0.9936969999999999
NCIH1417_LUNG,0.0,1.0,0.0,0.0,0.0,0.0,0.7718488800000001
NCIH1563_LUNG,0.0,0.0,0.0,0.0,0.0,0.0,0.737525685
NCIH1568_LUNG,0.0,0.0,0.0,0.0,0.0,0.0,0.9330765933333334
NCIH1623_LUNG,0.0,0.0,0.0,0.0,0.0,0.0,0.88085675
NCIH1648_LUNG,0.0,0.0,0.0,0.0,0.0,0.0,0.940763625
NCIH1688_LUNG,0.0,0.0,0.0,0.0,0.0,0.0,0.9487959999999999
NCIH1755_LUNG,0.0,0.0,0.0,1.0,0.0,0.0,0.98597057
NCIH1770_LUNG,0.0,1.0,0.0,0.0,0.0,0.0,0.993970045
NCIH1781_LUNG,0.0,0.0,0.0,0.0,0.0,0.0,0.96870302
NCIH1838_LUNG,0.0,0.0,0.0,0.0,0.0,0.0,0.9324567800000001
NCIH187_LUNG,0.0,0.0,0.0,0.0,0.0,0.0,0.969480425
NCIH1993_LUNG,0.0,0.0,0.0,0.0,0.0,0.0,0.98610692
NCIH2009_LUNG,0.0,0.0,0.0,0.0,1.0,0.0,0.63837316
NCIH2023_LUNG,0.0,0.0,0.0,0.0,0.0,0.0,0.7840881399999999
NCIH2085_LUNG,0.0,0.0,0.0,0.0,0.0,0.0,0.9027788966666667
NCIH2087_LUNG,1.0,1.0,0.0,1.0,0.0,1.0,0.70556171
NCIH2110_LUNG,0.0,1.0,0.0,0.0,0.0,0.0,0.94366113
NCIH2135_LUNG,0.0,0.0,0.0,0.0,0.0,1.0,0.9939270549999999
NCIH2141_LUNG,0.0,1.0,0.0,0.0,0.0,0.0,0.99324247
NCIH2291_LUNG,0.0,0.0,0.0,0.0,1.0,0.0,0.61632157
NCIH2342_LUNG,0.0,0.0,0.0,0.0,0.0,0.0,0.9675258600000001
NCIH2347_LUNG,0.0,0.0,0.0,0.0,1.0,1.0,0.77911144
NCIH2405_LUNG,0.0,0.0,0.0,1.0,0.0,0.0,0.9086175649999999
NCIH2444_LUNG,0.0,0.0,0.0,0.0,1.0,0.0,0.8294853733333333
NCIH2452_PLEURA,0.0,0.0,0.0,0.0,0.0,0.0,0.949296245
NCIH28_PLEURA,0.0,0.0,0.0,0.0,0.0,0.0,0.9618956833333332
NCIH322_LUNG,0.0,0.0,0.0,0.0,0.0,0.0,0.975033
NCIH345_LUNG,0.0,0.0,0.0,0.0,0.0,0.0,0.9927379350000001
NCIH630_LARGE_INTESTINE,0.0,0.0,0.0,0.0,0.0,0.0,0.9339639999999999
NCIH64_LUNG,0.0,1.0,0.0,0.0,0.0,0.0,0.996798785
NCIH647_LUNG,0.0,0.0,0.0,0.0,1.0,0.0,0.9650134
NCIH720_LUNG,0.0,1.0,0.0,0.0,0.0,0.0,0.995725
NCIH727_LUNG,0.0,0.0,0.0,0.0,1.0,0.0,0.87105443
NCIH810_LUNG,0.0,0.0,0.0,0.0,0.0,0.0,0.9880118666666666
NCIH835_LUNG,0.0,1.0,0.0,0.0,0.0,0.0,0.9958530000000001
NCIH847_LUNG,0.0,1.0,0.0,0.0,0.0,0.0,0.9946793549999999
NCIH929_HAEMATOPOIETIC_AND_LYMPHOID_TISSUE,0.0,0.0,0.0,0.0,0.0,1.0,0.80614487
NEC8_TESTIS,0.0,0.0,0.0,0.0,0.0,0.0,0.948448
NH12_AUTONOMIC_GANGLIA,0.0,0.0,0.0,0.0,0.0,0.0,0.89808179
NKM1_HAEMATOPOIETIC_AND_LYMPHOID_TISSUE,0.0,0.0,0.0,0.0,0.0,0.0,0.8201639999999999
NMCG1_CENTRAL_NERVOUS_SYSTEM,0.0,0.0,0.0,1.0,0.0,0.0,0.924842445
NO11_CENTRAL_NERVOUS_SYSTEM,0.0,1.0,0.0,0.0,0.0,0.0,0.9658000449999999
NOMO1_HAEMATOPOIETIC_AND_LYMPHOID_TISSUE,0.0,0.0,0.0,0.0,1.0,0.0,0.33147821499999996
NUDUL1_HAEMATOPOIETIC_AND_LYMPHOID_TISSUE,1.0,0.0,0.0,0.0,1.0,0.0,0.966859435
NY_BONE,0.0,0.0,0.0,0.0,0.0,0.0,0.9654940000000001
OAW28_OVARY,0.0,0.0,0.0,0.0,0.0,0.0,0.868174345
OC314_OVARY,0.0,0.0,0.0,1.0,0.0,0.0,0.922500855
OCIAML2_HAEMATOPOIETIC_AND_LYMPHOID_TISSUE,0.0,0.0,0.0,0.0,0.0,0.0,0.076796715
OCIAML3_HAEMATOPOIETIC_AND_LYMPHOID_TISSUE,0.0,0.0,0.0,0.0,0.0,1.0,0.5023857899999999
OCILY7_HAEMATOPOIETIC_AND_LYMPHOID_TISSUE,0.0,0.0,0.0,0.0,0.0,0.0,0.998022625
OE21_OESOPHAGUS,0.0,0.0,0.0,0.0,0.0,0.0,0.787050065
OE33_OESOPHAGUS,0.0,0.0,1.0,0.0,0.0,0.0,0.9440361666666667
OMC1_CERVIX,0.0,0.0,0.0,0.0,0.0,0.0,0.7408520000000001
OSC19_UPPER_AERODIGESTIVE_TRACT,0.0,0.0,0.0,0.0,0.0,0.0,0.75166742
OSC20_UPPER_AERODIGESTIVE_TRACT,0.0,0.0,0.0,0.0,0.0,0.0,0.81440265
OV17R_OVARY,0.0,0.0,0.0,0.0,0.0,0.0,0.784394635
OVCA420_OVARY,0.0,0.0,0.0,0.0,0.0,0.0,0.600089
OVCA433_OVARY,0.0,0.0,0.0,0.0,0.0,0.0,0.621117
OVCAR5_OVARY,0.0,0.0,0.0,0.0,1.0,0.0,0.42269253500000004
OVISE_OVARY,0.0,0.0,0.0,0.0,0.0,0.0,0.836191785
OVKATE_OVARY,0.0,0.0,0.0,0.0,0.0,0.0,0.815486605
OVMIU_OVARY,0.0,1.0,0.0,0.0,0.0,0.0,0.754113
P12ICHIKAWA_HAEMATOPOIETIC_AND_LYMPHOID_TISSUE,0.0,0.0,0.0,1.0,0.0,1.0,0.99330369
P31FUJ_HAEMATOPOIETIC_AND_LYMPHOID_TISSUE,0.0,1.0,0.0,0.0,0.0,1.0,0.93676681
P32ISH_HAEMATOPOIETIC_AND_LYMPHOID_TISSUE,1.0,0.0,0.0,0.0,0.0,0.0,0.997683
PA1_OVARY,0.0,0.0,0.0,0.0,0.0,1.0,0.98825076
PECAPJ15_UPPER_AERODIGESTIVE_TRACT,0.0,0.0,0.0,0.0,0.0,0.0,0.655999435
PEO1_OVARY,0.0,0.0,0.0,0.0,0.0,0.0,0.7681663599999999
PFSK1_CENTRAL_NERVOUS_SYSTEM,0.0,0.0,0.0,0.0,0.0,0.0,0.846423045
PSN1_PANCREAS,0.0,0.0,0.0,0.0,1.0,0.0,0.668283985
PWR1E_PROSTATE,0.0,0.0,0.0,0.0,0.0,0.0,0.90964562
QIMRWIL_HAEMATOPOIETIC_AND_LYMPHOID_TISSUE,0.0,0.0,0.0,0.0,0.0,0.0,0.972506
RAJI_HAEMATOPOIETIC_AND_LYMPHOID_TISSUE,1.0,0.0,0.0,0.0,0.0,0.0,0.99328597
RAMOS2G64C10_HAEMATOPOIETIC_AND_LYMPHOID_TISSUE,0.0,0.0,0.0,0.0,0.0,0.0,0.9880209999999999
RCC10RGB_KIDNEY,0.0,0.0,0.0,0.0,0.0,0.0,0.8996477
RCCAB_KIDNEY,0.0,0.0,0.0,0.0,0.0,0.0,0.793303
RCCER_KIDNEY,0.0,0.0,0.0,0.0,0.0,0.0,0.823458
RCCFG2_KIDNEY,0.0,0.0,0.0,0.0,0.0,0.0,0.7591600000000001
RCCJF_KIDNEY,0.0,0.0,0.0,0.0,0.0,0.0,0.53128
RCCJW_KIDNEY,0.0,0.0,0.0,0.0,0.0,0.0,0.791942
RCCMF_KIDNEY,0.0,0.0,0.0,0.0,0.0,0.0,0.604478
RCHACV_HAEMATOPOIETIC_AND_LYMPHOID_TISSUE,0.0,0.0,0.0,0.0,1.0,0.0,0.99305228
RCK8_HAEMATOPOIETIC_AND_LYMPHOID_TISSUE,0.0,0.0,0.0,0.0,0.0,0.0,0.99553625
RCM1_LARGE_INTESTINE,0.0,0.0,0.0,0.0,1.0,0.0,0.632983225
REH_HAEMATOPOIETIC_AND_LYMPHOID_TISSUE,0.0,0.0,0.0,0.0,0.0,0.0,0.989561245
RERFLCKJ_LUNG,0.0,0.0,0.0,0.0,0.0,0.0,0.8422932999999999
RERFLCSQ1_LUNG,0.0,0.0,0.0,0.0,0.0,0.0,0.71622821
RH18_SOFT_TISSUE,0.0,0.0,0.0,0.0,0.0,0.0,0.956441
RL_HAEMATOPOIETIC_AND_LYMPHOID_TISSUE,0.0,0.0,0.0,0.0,0.0,0.0,0.99270286
RO82W1_THYROID,0.0,0.0,0.0,0.0,0.0,0.0,0.93257379
ROS50_HAEMATOPOIETIC_AND_LYMPHOID_TISSUE,1.0,0.0,0.0,0.0,0.0,0.0,0.98796472
RPMI6666_HAEMATOPOIETIC_AND_LYMPHOID_TISSUE,0.0,0.0,0.0,0.0,0.0,0.0,0.977746635
RPMI8866_HAEMATOPOIETIC_AND_LYMPHOID_TISSUE,0.0,0.0,0.0,0.0,0.0,0.0,0.959814
RS411_HAEMATOPOIETIC_AND_LYMPHOID_TISSUE,0.0,0.0,0.0,0.0,0.0,0.0,0.9907916699999999
RT4_URINARY_TRACT,0.0,0.0,0.0,0.0,0.0,0.0,0.95496169
RXF393_KIDNEY,0.0,0.0,0.0,0.0,0.0,0.0,0.717755
SAT_UPPER_AERODIGESTIVE_TRACT,0.0,0.0,0.0,0.0,0.0,0.0,0.7816084299999999
SBC1_LUNG,0.0,1.0,0.0,0.0,0.0,0.0,0.984275
SBC3_LUNG,0.0,0.0,0.0,0.0,0.0,0.0,0.9561639999999999
SCC15_UPPER_AERODIGESTIVE_TRACT,0.0,0.0,0.0,0.0,0.0,0.0,0.93259286
SCC9_UPPER_AERODIGESTIVE_TRACT,0.0,0.0,0.0,0.0,0.0,0.0,0.9731695866666666
SCH_STOMACH,0.0,0.0,0.0,0.0,0.0,0.0,0.994466
SF126_CENTRAL_NERVOUS_SYSTEM,0.0,0.0,0.0,0.0,0.0,0.0,0.76592103
SF268_CENTRAL_NERVOUS_SYSTEM,0.0,0.0,0.0,0.0,0.0,0.0,0.756164485
SF539_CENTRAL_NERVOUS_SYSTEM,0.0,1.0,0.0,0.0,0.0,0.0,0.90179863
SH4_SKIN,0.0,0.0,0.0,1.0,0.0,0.0,0.458589275
SISO_CERVIX,0.0,1.0,0.0,0.0,1.0,0.0,0.7598480649999999
SJRH30_SOFT_TISSUE,0.0,0.0,0.0,0.0,0.0,0.0,0.9698284
SJSA1_BONE,0.0,0.0,0.0,0.0,1.0,1.0,0.764434575
SKGT2_STOMACH,0.0,0.0,1.0,0.0,0.0,0.0,0.90782578
SKM1_HAEMATOPOIETIC_AND_LYMPHOID_TISSUE,0.0,0.0,0.0,0.0,1.0,0.0,0.29267716
SKMEL1_SKIN,0.0,0.0,0.0,1.0,0.0,0.0,0.43216140999999997
SKMEL28_SKIN,0.0,0.0,0.0,1.0,0.0,0.0,0.120803575
SKMEL3_SKIN,0.0,0.0,0.0,1.0,0.0,0.0,0.669655855
SKMM2_HAEMATOPOIETIC_AND_LYMPHOID_TISSUE,0.0,0.0,0.0,0.0,0.0,0.0,0.9903419200000001
SKNFI_AUTONOMIC_GANGLIA,0.0,0.0,0.0,0.0,0.0,0.0,0.8420443200000001
SKNSH_AUTONOMIC_GANGLIA,0.0,0.0,0.0,0.0,0.0,1.0,0.9372848149999999
SNB75_CENTRAL_NERVOUS_SYSTEM,0.0,1.0,0.0,0.0,0.0,0.0,0.917963345
SNU5_STOMACH,0.0,0.0,0.0,0.0,0.0,0.0,0.78435168
SNU81_LARGE_INTESTINE,0.0,0.0,0.0,0.0,1.0,1.0,0.7737293350000001
SNUC1_LARGE_INTESTINE,0.0,0.0,0.0,0.0,0.0,0.0,0.51795915
SNUC2B_LARGE_INTESTINE,0.0,0.0,0.0,0.0,1.0,0.0,0.8355419766666667
SNUC5_LARGE_INTESTINE,1.0,0.0,0.0,1.0,0.0,0.0,0.63760576
ST486_HAEMATOPOIETIC_AND_LYMPHOID_TISSUE,1.0,0.0,0.0,0.0,0.0,0.0,0.957098075
STS0421_SOFT_TISSUE,0.0,0.0,0.0,0.0,0.0,0.0,0.84791
SUDHL16_HAEMATOPOIETIC_AND_LYMPHOID_TISSUE,0.0,0.0,0.0,0.0,0.0,0.0,0.997877
SUPB15_HAEMATOPOIETIC_AND_LYMPHOID_TISSUE,0.0,0.0,0.0,0.0,0.0,0.0,0.91035458
SUPB8_HAEMATOPOIETIC_AND_LYMPHOID_TISSUE,1.0,0.0,0.0,0.0,0.0,0.0,0.9930540000000001
SUPT1_HAEMATOPOIETIC_AND_LYMPHOID_TISSUE,0.0,0.0,0.0,0.0,0.0,0.0,0.9928504800000001
SW1417_LARGE_INTESTINE,0.0,0.0,0.0,1.0,0.0,0.0,0.82218049
SW1710_URINARY_TRACT,0.0,0.0,0.0,0.0,0.0,0.0,0.885714855
SW620_LARGE_INTESTINE,0.0,0.0,0.0,0.0,1.0,0.0,0.57468246
SW684_SOFT_TISSUE,0.0,0.0,0.0,0.0,0.0,0.0,0.969417
SW756_CERVIX,0.0,0.0,0.0,0.0,1.0,0.0,0.628347445
SW780_URINARY_TRACT,0.0,0.0,0.0,0.0,0.0,0.0,0.751392725
SW962_VULVA,0.0,0.0,0.0,0.0,0.0,0.0,0.872081
T98G_CENTRAL_NERVOUS_SYSTEM,0.0,0.0,0.0,0.0,0.0,0.0,0.97701583
TCCSUP_URINARY_TRACT,0.0,0.0,0.0,0.0,0.0,0.0,0.969082165
TCYIK_CERVIX,0.0,0.0,0.0,0.0,0.0,0.0,0.9654790000000001
TE10_OESOPHAGUS,0.0,0.0,0.0,0.0,0.0,0.0,0.963319585
TE15_OESOPHAGUS,0.0,0.0,0.0,0.0,0.0,0.0,0.48913083999999996
TE4_OESOPHAGUS,0.0,0.0,1.0,0.0,0.0,0.0,0.886155645
TE6_OESOPHAGUS,0.0,0.0,0.0,0.0,0.0,0.0,0.85895536
TE8_OESOPHAGUS,0.0,0.0,0.0,0.0,0.0,0.0,0.84379409
TE9_OESOPHAGUS,0.0,0.0,0.0,0.0,0.0,0.0,0.9643432333333334
TGBC11TKB_STOMACH,0.0,0.0,0.0,0.0,1.0,0.0,0.812612385
TGW_AUTONOMIC_GANGLIA,0.0,0.0,0.0,0.0,0.0,0.0,0.950277075
TK_HAEMATOPOIETIC_AND_LYMPHOID_TISSUE,0.0,0.0,0.0,0.0,0.0,0.0,0.9948610000000001
TK10_KIDNEY,0.0,0.0,0.0,0.0,0.0,0.0,0.871418775
TMK1_STOMACH,0.0,0.0,0.0,0.0,0.0,0.0,0.5377029999999999
TOV112D_OVARY,0.0,0.0,0.0,0.0,0.0,0.0,0.9179016500000001
TT2609C02_THYROID,0.0,0.0,0.0,0.0,0.0,1.0,0.41217081666666666
TUR_HAEMATOPOIETIC_AND_LYMPHOID_TISSUE,0.0,0.0,0.0,0.0,0.0,0.0,0.968994
U118MG_CENTRAL_NERVOUS_SYSTEM,0.0,0.0,0.0,0.0,0.0,0.0,0.9127776999999999
U266B1_HAEMATOPOIETIC_AND_LYMPHOID_TISSUE,0.0,1.0,0.0,1.0,0.0,0.0,0.8665459099999999
UACC62_SKIN,0.0,0.0,0.0,1.0,0.0,0.0,0.95747667
UWB1289_OVARY,0.0,0.0,0.0,0.0,0.0,0.0,0.873882235
VAESBJ_SOFT_TISSUE,0.0,0.0,0.0,0.0,0.0,0.0,0.88573591
VAL_HAEMATOPOIETIC_AND_LYMPHOID_TISSUE,1.0,0.0,0.0,0.0,0.0,0.0,0.98893901
VCAP_PROSTATE,0.0,0.0,0.0,0.0,0.0,0.0,0.963537385
VMRCLCD_LUNG,0.0,0.0,0.0,0.0,0.0,0.0,0.980135655
VMRCRCZ_KIDNEY,0.0,0.0,0.0,0.0,0.0,0.0,0.9470954566666667
WIL2NS_HAEMATOPOIETIC_AND_LYMPHOID_TISSUE,0.0,0.0,0.0,0.0,1.0,0.0,0.99603
WM115_SKIN,0.0,0.0,0.0,1.0,0.0,0.0,0.644461245
WM1552C_SKIN,0.0,0.0,0.0,1.0,0.0,0.0,0.863088
WM35_SKIN,0.0,0.0,0.0,1.0,0.0,0.0,0.622634
WSUNHL_HAEMATOPOIETIC_AND_LYMPHOID_TISSUE,0.0,0.0,0.0,1.0,0.0,0.0,0.988155015
YAPC_PANCREAS,0.0,0.0,0.0,0.0,1.0,0.0,0.986639855
YH13_CENTRAL_NERVOUS_SYSTEM,0.0,0.0,0.0,0.0,0.0,0.0,0.889045135
YKG1_CENTRAL_NERVOUS_SYSTEM,0.0,0.0,0.0,0.0,0.0,0.0,0.914444425
YT_HAEMATOPOIETIC_AND_LYMPHOID_TISSUE,0.0,0.0,0.0,0.0,0.0,0.0,0.7740090000000001
ZR7530_BREAST,0.0,0.0,1.0,1.0,0.0,0.0,0.9233164133333333
DAUDI_HAEMATOPOIETIC_AND_LYMPHOID_TISSUE,0.0,1.0,0.0,0.0,1.0,0.0,0.9928256599999999
HS633T_SOFT_TISSUE,0.0,0.0,0.0,0.0,1.0,0.0,0.46773000000000003
IGR37_SKIN,0.0,0.0,0.0,1.0,0.0,0.0,0.119377195
JHH2_LIVER,0.0,0.0,0.0,0.0,0.0,0.0,0.8991631233333334
JHH4_LIVER,0.0,0.0,0.0,0.0,0.0,0.0,0.903466965
LC1SQ_LUNG,0.0,0.0,0.0,0.0,0.0,0.0,0.8943059999999999
NCIH1395_LUNG,0.0,0.0,0.0,1.0,0.0,0.0,0.913610205
PC3JPC3_LUNG,0.0,0.0,0.0,0.0,0.0,0.0,0.9728209999999999
SKNBE2_AUTONOMIC_GANGLIA,0.0,0.0,0.0,0.0,0.0,0.0,0.829944
