Cell_line,RB1_mut,ERBB2_amp,CCND1_amp,BRAF_mut,KRAS_mut,NRAS_mut,VX-11e
22RV1_PROSTATE,0.0,0.0,0.0,1.0,0.0,0.0,0.7239991533333333
A204_SOFT_TISSUE,0.0,0.0,0.0,0.0,0.0,0.0,0.958994
A253_SALIVARY_GLAND,0.0,0.0,1.0,0.0,0.0,0.0,0.984974
A427_LUNG,0.0,0.0,0.0,0.0,1.0,0.0,0.9666224000000001
A431_SKIN,0.0,0.0,1.0,0.0,0.0,0.0,0.87602191
A4FUK_HAEMATOPOIETIC_AND_LYMPHOID_TISSUE,0.0,0.0,0.0,0.0,0.0,0.0,0.87945509
A673_BONE,0.0,0.0,0.0,1.0,0.0,0.0,0.98812201
ALLSIL_HAEMATOPOIETIC_AND_LYMPHOID_TISSUE,0.0,0.0,0.0,0.0,0.0,0.0,0.643071425
BICR78_UPPER_AERODIGESTIVE_TRACT,0.0,0.0,0.0,0.0,0.0,0.0,0.951965705
CADOES1_BONE,0.0,0.0,0.0,0.0,0.0,0.0,0.98807434
CCFSTTG1_CENTRAL_NERVOUS_SYSTEM,0.0,0.0,0.0,1.0,0.0,0.0,0.985947955
CL11_LARGE_INTESTINE,0.0,0.0,0.0,0.0,1.0,0.0,0.9483022050000001
CORL23_LUNG,0.0,0.0,0.0,0.0,1.0,0.0,0.89539871
D283MED_CENTRAL_NERVOUS_SYSTEM,0.0,0.0,0.0,0.0,0.0,0.0,0.9126221299999999
DMS53_LUNG,0.0,0.0,0.0,0.0,0.0,0.0,0.98804618
DOV13_OVARY,0.0,0.0,0.0,0.0,0.0,0.0,0.92843125
EGI1_BILIARY_TRACT,0.0,0.0,0.0,0.0,1.0,0.0,0.850073385
ESO26_OESOPHAGUS,0.0,1.0,0.0,0.0,0.0,0.0,0.9188700750000001
ESO51_OESOPHAGUS,0.0,0.0,0.0,0.0,0.0,0.0,0.565341965
FLO1_OESOPHAGUS,0.0,0.0,0.0,0.0,0.0,0.0,0.934703375
G401_SOFT_TISSUE,0.0,0.0,0.0,0.0,0.0,0.0,0.8009686366666667
G402_SOFT_TISSUE,0.0,0.0,0.0,0.0,0.0,0.0,0.882475415
GIMEN_AUTONOMIC_GANGLIA,0.0,0.0,0.0,0.0,0.0,0.0,0.8614701650000001
HEL9217_HAEMATOPOIETIC_AND_LYMPHOID_TISSUE,0.0,0.0,0.0,0.0,0.0,0.0,0.958017
JAR_PLACENTA,0.0,0.0,0.0,0.0,0.0,0.0,0.9842477550000001
K562_HAEMATOPOIETIC_AND_LYMPHOID_TISSUE,0.0,0.0,0.0,0.0,0.0,0.0,0.7773399599999999
KYSE140_OESOPHAGUS,0.0,0.0,0.0,0.0,0.0,0.0,0.8565514966666666
NCIH1048_LUNG,1.0,0.0,0.0,0.0,0.0,1.0,0.95727008
NCIH1092_LUNG,0.0,0.0,0.0,0.0,0.0,0.0,0.98968591
NCIH1915_LUNG,0.0,0.0,0.0,0.0,0.0,0.0,0.890254885
NCIH3122_LUNG,0.0,0.0,1.0,0.0,0.0,0.0,0.88624554
NCIH446_LUNG,1.0,0.0,0.0,0.0,0.0,0.0,0.9854155550000001
NCIH526_LUNG,1.0,0.0,0.0,0.0,0.0,0.0,0.97600267
OACM51_OESOPHAGUS,0.0,0.0,0.0,0.0,0.0,0.0,0.894667865
OCUM1_STOMACH,0.0,0.0,0.0,0.0,0.0,0.0,0.962181865
PF382_HAEMATOPOIETIC_AND_LYMPHOID_TISSUE,0.0,0.0,0.0,0.0,0.0,1.0,0.94457828
RH41_SOFT_TISSUE,0.0,0.0,0.0,0.0,0.0,0.0,0.992155275
SAOS2_BONE,1.0,0.0,0.0,0.0,0.0,0.0,0.98118612
SIHA_CERVIX,0.0,0.0,0.0,0.0,0.0,0.0,0.98603911
SKES1_BONE,0.0,0.0,0.0,0.0,0.0,0.0,0.9655142800000002
SKGT4_OESOPHAGUS,0.0,0.0,0.0,0.0,1.0,0.0,0.91343746
SKPNDW_BONE,1.0,0.0,0.0,0.0,0.0,0.0,0.97183375
SW13_ADRENAL_CORTEX,0.0,0.0,0.0,0.0,0.0,0.0,0.9876010449999999
SW626_OVARY,0.0,0.0,0.0,0.0,1.0,0.0,0.79293096
SW954_VULVA,0.0,0.0,1.0,0.0,0.0,0.0,0.86449155
SW982_SOFT_TISSUE,0.0,0.0,0.0,1.0,0.0,0.0,0.966841355
TC71_BONE,0.0,0.0,0.0,0.0,0.0,0.0,0.9267724033333332
AMO1_HAEMATOPOIETIC_AND_LYMPHOID_TISSUE,0.0,0.0,0.0,0.0,1.0,0.0,0.928341745
BICR31_UPPER_AERODIGESTIVE_TRACT,0.0,0.0,0.0,0.0,0.0,0.0,0.978913065
BL41_HAEMATOPOIETIC_AND_LYMPHOID_TISSUE,0.0,0.0,0.0,0.0,0.0,0.0,0.9239523433333333
CALU3_LUNG,0.0,1.0,0.0,0.0,0.0,0.0,0.9835057033333334
CMK_HAEMATOPOIETIC_AND_LYMPHOID_TISSUE,0.0,0.0,0.0,0.0,0.0,0.0,0.84812486
COLO783_SKIN,0.0,0.0,0.0,1.0,0.0,0.0,0.9668605100000001
CORL311_LUNG,1.0,0.0,0.0,0.0,0.0,0.0,0.9346459349999999
CORL95_LUNG,1.0,0.0,0.0,0.0,0.0,0.0,0.9813976449999999
DMS79_LUNG,1.0,0.0,0.0,0.0,0.0,0.0,0.9771746649999999
DND41_HAEMATOPOIETIC_AND_LYMPHOID_TISSUE,1.0,0.0,0.0,0.0,1.0,1.0,0.7553675950000001
EJM_HAEMATOPOIETIC_AND_LYMPHOID_TISSUE,0.0,0.0,0.0,0.0,0.0,0.0,0.954009255
ESS1_ENDOMETRIUM,1.0,0.0,0.0,0.0,0.0,0.0,0.9892364033333333
GDM1_HAEMATOPOIETIC_AND_LYMPHOID_TISSUE,0.0,0.0,0.0,0.0,0.0,0.0,0.8561942550000001
GRANTA519_HAEMATOPOIETIC_AND_LYMPHOID_TISSUE,0.0,0.0,0.0,0.0,0.0,0.0,0.9907107633333333
HCC1143_BREAST,0.0,0.0,1.0,0.0,0.0,0.0,0.810733065
HCC1395_BREAST,0.0,0.0,0.0,0.0,0.0,0.0,0.97995532
HCC78_LUNG,0.0,0.0,0.0,0.0,0.0,0.0,0.9822329299999999
HEP3B217_LIVER,1.0,0.0,0.0,0.0,0.0,0.0,0.69421788
HEYA8_OVARY,0.0,0.0,0.0,1.0,1.0,0.0,0.837068
HS578T_BREAST,0.0,0.0,0.0,0.0,0.0,0.0,0.98731529
HS766T_PANCREAS,0.0,0.0,0.0,0.0,1.0,0.0,0.982908475
HS939T_SKIN,0.0,0.0,0.0,1.0,0.0,0.0,0.9347303499999999
HS940T_SKIN,0.0,0.0,0.0,0.0,0.0,1.0,0.98357198
HSC4_UPPER_AERODIGESTIVE_TRACT,0.0,0.0,0.0,0.0,0.0,0.0,0.95132471
HT55_LARGE_INTESTINE,0.0,0.0,0.0,1.0,0.0,0.0,0.9836003900000001
HT_HAEMATOPOIETIC_AND_LYMPHOID_TISSUE,1.0,0.0,0.0,0.0,0.0,0.0,0.9819113533333333
HUH1_LIVER,0.0,0.0,0.0,0.0,0.0,0.0,0.98436504
JHOS2_OVARY,0.0,0.0,0.0,0.0,0.0,0.0,0.9408117500000001
JIMT1_BREAST,0.0,1.0,0.0,0.0,0.0,0.0,0.962350965
JJN3_HAEMATOPOIETIC_AND_LYMPHOID_TISSUE,0.0,0.0,0.0,0.0,0.0,1.0,0.93737645
JM1_HAEMATOPOIETIC_AND_LYMPHOID_TISSUE,0.0,0.0,0.0,0.0,0.0,0.0,0.9873100300000001
JURLMK1_HAEMATOPOIETIC_AND_LYMPHOID_TISSUE,0.0,0.0,0.0,0.0,0.0,0.0,0.54094967
KARPAS620_HAEMATOPOIETIC_AND_LYMPHOID_TISSUE,0.0,0.0,0.0,0.0,1.0,0.0,0.96647745
KCL22_HAEMATOPOIETIC_AND_LYMPHOID_TISSUE,0.0,0.0,0.0,1.0,0.0,0.0,0.9243852833333334
KMRC2_KIDNEY,0.0,0.0,0.0,0.0,0.0,0.0,0.988925
KMS11_HAEMATOPOIETIC_AND_LYMPHOID_TISSUE,0.0,0.0,0.0,0.0,0.0,0.0,0.95415226
KMS12BM_HAEMATOPOIETIC_AND_LYMPHOID_TISSUE,0.0,0.0,0.0,0.0,0.0,0.0,0.970718525
KOPN8_HAEMATOPOIETIC_AND_LYMPHOID_TISSUE,0.0,0.0,0.0,0.0,1.0,0.0,0.87316717
KP2_PANCREAS,0.0,0.0,0.0,0.0,1.0,0.0,0.9736301666666667
L1236_HAEMATOPOIETIC_AND_LYMPHOID_TISSUE,0.0,0.0,0.0,0.0,0.0,0.0,0.99231591
LNCAPCLONEFGC_PROSTATE,0.0,0.0,0.0,0.0,0.0,0.0,0.930862365
LP1_HAEMATOPOIETIC_AND_LYMPHOID_TISSUE,0.0,0.0,0.0,0.0,0.0,0.0,0.9670305533333333
MDAMB415_BREAST,0.0,0.0,1.0,1.0,0.0,0.0,0.983193955
MDAMB436_BREAST,0.0,0.0,0.0,1.0,0.0,0.0,0.9832003566666666
ME1_HAEMATOPOIETIC_AND_LYMPHOID_TISSUE,0.0,0.0,0.0,0.0,0.0,1.0,0.80519436
MFE296_ENDOMETRIUM,0.0,0.0,0.0,0.0,0.0,0.0,0.9787795850000001
MOLM13_HAEMATOPOIETIC_AND_LYMPHOID_TISSUE,0.0,0.0,0.0,0.0,0.0,0.0,0.73449231
MOLP8_HAEMATOPOIETIC_AND_LYMPHOID_TISSUE,0.0,0.0,0.0,0.0,0.0,1.0,0.743360005
NAMALWA_HAEMATOPOIETIC_AND_LYMPHOID_TISSUE,0.0,0.0,0.0,0.0,0.0,0.0,0.8985584499999999
NB1_AUTONOMIC_GANGLIA,0.0,0.0,0.0,1.0,0.0,0.0,0.89685378
NB4_HAEMATOPOIETIC_AND_LYMPHOID_TISSUE,0.0,0.0,0.0,0.0,1.0,0.0,0.50975354
NCIH1436_LUNG,0.0,0.0,0.0,0.0,0.0,0.0,0.98530328
NCIH1836_LUNG,0.0,0.0,0.0,0.0,0.0,0.0,0.9877368
NCIH1944_LUNG,0.0,0.0,0.0,0.0,1.0,0.0,0.89229995
NCIH2172_LUNG,1.0,0.0,0.0,0.0,0.0,0.0,0.964477995
NUGC4_STOMACH,0.0,0.0,0.0,0.0,0.0,0.0,0.9282248049999999
OCIAML5_HAEMATOPOIETIC_AND_LYMPHOID_TISSUE,0.0,0.0,0.0,0.0,0.0,0.0,0.789632575
OCILY19_HAEMATOPOIETIC_AND_LYMPHOID_TISSUE,0.0,0.0,0.0,0.0,0.0,1.0,0.76123621
OCIM1_HAEMATOPOIETIC_AND_LYMPHOID_TISSUE,0.0,0.0,0.0,0.0,0.0,0.0,0.8385843150000001
OV90_OVARY,0.0,0.0,0.0,1.0,0.0,0.0,0.9091196500000001
OVTOKO_OVARY,0.0,0.0,0.0,0.0,0.0,0.0,0.9467331866666666
PANC0203_PANCREAS,0.0,0.0,0.0,0.0,1.0,0.0,0.6601324166666667
PANC0403_PANCREAS,0.0,0.0,0.0,1.0,1.0,0.0,0.91143977
PATU8902_PANCREAS,0.0,0.0,0.0,0.0,1.0,0.0,0.8661282366666668
PL21_HAEMATOPOIETIC_AND_LYMPHOID_TISSUE,0.0,0.0,0.0,0.0,1.0,0.0,0.771494245
RKN_SOFT_TISSUE,0.0,0.0,0.0,0.0,1.0,0.0,0.79145251
RPMI8402_HAEMATOPOIETIC_AND_LYMPHOID_TISSUE,0.0,0.0,0.0,0.0,0.0,0.0,0.9596668100000001
SF295_CENTRAL_NERVOUS_SYSTEM,0.0,0.0,0.0,0.0,0.0,0.0,0.98481576
SIGM5_HAEMATOPOIETIC_AND_LYMPHOID_TISSUE,0.0,0.0,0.0,1.0,0.0,0.0,0.17019522666666667
SIMA_AUTONOMIC_GANGLIA,0.0,0.0,0.0,0.0,0.0,0.0,0.88547674
SKCO1_LARGE_INTESTINE,0.0,0.0,0.0,0.0,1.0,0.0,0.528959875
SNGM_ENDOMETRIUM,0.0,0.0,0.0,0.0,1.0,0.0,0.83229213
SNU175_LARGE_INTESTINE,1.0,0.0,0.0,0.0,1.0,0.0,0.8625508
SNU61_LARGE_INTESTINE,0.0,0.0,0.0,0.0,1.0,0.0,0.705923245
SUDHL10_HAEMATOPOIETIC_AND_LYMPHOID_TISSUE,0.0,0.0,0.0,0.0,1.0,0.0,0.972526255
SUDHL4_HAEMATOPOIETIC_AND_LYMPHOID_TISSUE,0.0,0.0,0.0,0.0,0.0,0.0,0.9331683999999999
SUDHL5_HAEMATOPOIETIC_AND_LYMPHOID_TISSUE,0.0,0.0,0.0,0.0,0.0,0.0,0.8163366599999999
SUDHL6_HAEMATOPOIETIC_AND_LYMPHOID_TISSUE,0.0,0.0,0.0,0.0,0.0,0.0,0.9761500599999999
SUDHL8_HAEMATOPOIETIC_AND_LYMPHOID_TISSUE,0.0,0.0,0.0,1.0,0.0,0.0,0.7280383833333333
SUPHD1_HAEMATOPOIETIC_AND_LYMPHOID_TISSUE,0.0,0.0,0.0,0.0,0.0,0.0,0.9694094
SUPM2_HAEMATOPOIETIC_AND_LYMPHOID_TISSUE,0.0,0.0,0.0,0.0,0.0,0.0,0.967979205
SW1271_LUNG,0.0,0.0,0.0,1.0,0.0,1.0,0.67934483
SW1353_BONE,0.0,0.0,0.0,0.0,0.0,0.0,0.987673
SW1573_LUNG,0.0,0.0,0.0,0.0,1.0,0.0,0.980700085
TE617T_SOFT_TISSUE,0.0,0.0,0.0,0.0,0.0,0.0,0.926428
TOV21G_OVARY,0.0,0.0,0.0,0.0,1.0,0.0,0.982642375
TT_OESOPHAGUS,0.0,0.0,1.0,0.0,0.0,0.0,0.931297995
TYKNU_OVARY,0.0,0.0,0.0,0.0,0.0,1.0,0.95074153
WM793_SKIN,0.0,0.0,0.0,1.0,0.0,0.0,0.9260503233333334
WSUDLCL2_HAEMATOPOIETIC_AND_LYMPHOID_TISSUE,0.0,0.0,0.0,0.0,0.0,0.0,0.992659985
2313287_STOMACH,0.0,0.0,0.0,0.0,0.0,0.0,0.921150035
5637_URINARY_TRACT,1.0,0.0,0.0,0.0,0.0,0.0,0.9517319049999999
786O_KIDNEY,0.0,0.0,0.0,0.0,0.0,0.0,0.88642157
A2780_OVARY,0.0,0.0,0.0,1.0,0.0,0.0,0.5484951849999999
A375_SKIN,0.0,0.0,0.0,1.0,0.0,0.0,0.6229663599999999
AGS_STOMACH,0.0,0.0,0.0,0.0,1.0,0.0,0.787712245
C2BBE1_LARGE_INTESTINE,0.0,0.0,0.0,0.0,0.0,0.0,0.90765467
CAKI1_KIDNEY,1.0,0.0,0.0,0.0,0.0,0.0,0.95209959
CAL27_UPPER_AERODIGESTIVE_TRACT,0.0,0.0,0.0,0.0,0.0,1.0,0.9447605
CHP212_AUTONOMIC_GANGLIA,0.0,0.0,0.0,0.0,0.0,1.0,0.9811322266666668
COLO668_LUNG,1.0,0.0,0.0,0.0,1.0,0.0,0.891033555
CORL279_LUNG,0.0,0.0,0.0,0.0,0.0,1.0,0.9906715749999999
CORL88_LUNG,1.0,0.0,0.0,0.0,0.0,0.0,0.98624892
DAOY_CENTRAL_NERVOUS_SYSTEM,0.0,0.0,0.0,0.0,0.0,0.0,0.96980167
DB_HAEMATOPOIETIC_AND_LYMPHOID_TISSUE,0.0,0.0,0.0,0.0,0.0,0.0,0.87806487
DMS114_LUNG,0.0,0.0,1.0,0.0,0.0,0.0,0.96453807
DMS273_LUNG,1.0,0.0,0.0,0.0,0.0,0.0,0.8867228149999999
DU145_PROSTATE,1.0,0.0,0.0,0.0,0.0,0.0,0.9814414933333332
EFO27_OVARY,0.0,0.0,0.0,0.0,0.0,0.0,0.8323311
FADU_UPPER_AERODIGESTIVE_TRACT,0.0,0.0,1.0,0.0,0.0,0.0,0.984501335
FU97_STOMACH,0.0,0.0,0.0,0.0,0.0,0.0,0.9598262066666666
G361_SKIN,0.0,0.0,0.0,1.0,0.0,0.0,0.844379385
GCIY_STOMACH,0.0,0.0,0.0,0.0,0.0,0.0,0.96694044
HARA_LUNG,0.0,0.0,0.0,0.0,0.0,0.0,0.92788019
HCC15_LUNG,1.0,0.0,0.0,0.0,0.0,1.0,0.9492447900000001
HCC33_LUNG,1.0,0.0,0.0,0.0,0.0,0.0,0.9835657899999999
HCC44_LUNG,1.0,0.0,0.0,0.0,1.0,0.0,0.87405654
HCT116_LARGE_INTESTINE,0.0,0.0,0.0,0.0,1.0,0.0,0.55817015
HCT15_LARGE_INTESTINE,0.0,0.0,0.0,0.0,1.0,0.0,0.81605217
HGC27_STOMACH,0.0,0.0,0.0,0.0,0.0,0.0,0.9648073699999999
HS746T_STOMACH,0.0,0.0,0.0,0.0,0.0,0.0,0.9563288050000001
HSC3_UPPER_AERODIGESTIVE_TRACT,0.0,0.0,0.0,0.0,0.0,0.0,0.988501455
HT29_LARGE_INTESTINE,0.0,0.0,0.0,1.0,0.0,0.0,0.6808790499999999
IM95_STOMACH,0.0,0.0,0.0,0.0,0.0,0.0,0.8707401666666668
KYSE180_OESOPHAGUS,0.0,0.0,0.0,1.0,0.0,0.0,0.94501429
KYSE410_OESOPHAGUS,0.0,1.0,0.0,0.0,1.0,0.0,0.958006235
KYSE450_OESOPHAGUS,0.0,0.0,0.0,0.0,0.0,0.0,0.8143108366666666
LOXIMVI_SKIN,0.0,0.0,0.0,1.0,0.0,0.0,0.7459026799999999
MKN45_STOMACH,0.0,0.0,0.0,0.0,0.0,0.0,0.8653423366666666
MSTO211H_PLEURA,0.0,0.0,0.0,0.0,0.0,0.0,0.9908651500000001
NCIH1299_LUNG,0.0,0.0,0.0,0.0,0.0,1.0,0.90948027
NCIH1437_LUNG,0.0,0.0,0.0,0.0,0.0,0.0,0.8982659550000001
NCIH1651_LUNG,0.0,0.0,0.0,1.0,0.0,0.0,0.986836535
NCIH1666_LUNG,0.0,0.0,0.0,1.0,0.0,0.0,0.97413167
NCIH1694_LUNG,1.0,0.0,0.0,0.0,0.0,0.0,0.9773264166666666
NCIH1876_LUNG,1.0,0.0,0.0,0.0,0.0,1.0,0.9521212400000001
NCIH1963_LUNG,1.0,0.0,0.0,0.0,0.0,0.0,0.9822687299999999
NCIH196_LUNG,1.0,0.0,0.0,0.0,0.0,0.0,0.953597405
NCIH2029_LUNG,1.0,0.0,0.0,0.0,0.0,0.0,0.989538885
NCIH2052_PLEURA,0.0,0.0,0.0,0.0,0.0,0.0,0.9690883766666666
NCIH2081_LUNG,1.0,0.0,0.0,0.0,0.0,0.0,0.986690295
NCIH209_LUNG,1.0,0.0,0.0,0.0,0.0,0.0,0.9727591849999999
NCIH211_LUNG,0.0,0.0,0.0,0.0,0.0,0.0,0.9654141800000001
NCIH2122_LUNG,0.0,0.0,0.0,0.0,1.0,0.0,0.96717874
NCIH2170_LUNG,0.0,1.0,0.0,0.0,0.0,0.0,0.98649838
NCIH2171_LUNG,1.0,0.0,0.0,0.0,0.0,0.0,0.99156768
NCIH2196_LUNG,1.0,0.0,0.0,0.0,0.0,0.0,0.9783194049999999
NCIH2227_LUNG,1.0,0.0,0.0,1.0,0.0,0.0,0.985734235
NCIH510_LUNG,1.0,0.0,0.0,0.0,0.0,0.0,0.9602122
NCIH522_LUNG,0.0,0.0,0.0,0.0,0.0,0.0,0.97696749
NCIH524_LUNG,1.0,0.0,0.0,0.0,0.0,0.0,0.99077492
NCIH650_LUNG,0.0,0.0,0.0,0.0,1.0,0.0,0.96018802
NCIH661_LUNG,0.0,0.0,0.0,0.0,0.0,0.0,0.91742714
NCIH69_LUNG,1.0,0.0,0.0,0.0,0.0,0.0,0.980940565
NCIH747_LARGE_INTESTINE,0.0,0.0,0.0,0.0,1.0,0.0,0.7083793949999999
NCIH82_LUNG,1.0,0.0,0.0,0.0,0.0,0.0,0.9888334649999999
NCIH841_LUNG,0.0,0.0,0.0,0.0,0.0,0.0,0.985239055
NUGC3_STOMACH,0.0,0.0,0.0,0.0,0.0,0.0,0.9647019266666668
ONS76_CENTRAL_NERVOUS_SYSTEM,0.0,0.0,0.0,0.0,0.0,1.0,0.6455969100000001
OPM2_HAEMATOPOIETIC_AND_LYMPHOID_TISSUE,0.0,0.0,0.0,0.0,0.0,0.0,0.962071845
PC14_LUNG,0.0,0.0,0.0,0.0,0.0,0.0,0.983879875
PC3_PROSTATE,0.0,0.0,0.0,0.0,0.0,0.0,0.9690969433333333
RERFGC1B_STOMACH,1.0,0.0,0.0,0.0,0.0,0.0,0.85244044
RERFLCMS_LUNG,0.0,0.0,0.0,0.0,0.0,0.0,0.9624049000000001
RKO_LARGE_INTESTINE,0.0,0.0,0.0,1.0,0.0,0.0,0.6537715500000001
RT112_URINARY_TRACT,0.0,0.0,0.0,0.0,0.0,0.0,0.95556314
SBC5_LUNG,0.0,0.0,0.0,0.0,0.0,0.0,0.993287275
SCC25_UPPER_AERODIGESTIVE_TRACT,0.0,0.0,0.0,0.0,0.0,0.0,0.8050935166666667
SCC4_UPPER_AERODIGESTIVE_TRACT,0.0,0.0,0.0,0.0,0.0,0.0,0.9200674200000001
SHP77_LUNG,0.0,0.0,0.0,0.0,1.0,0.0,0.9532559266666666
SKHEP1_LIVER,0.0,0.0,0.0,1.0,0.0,0.0,0.98137283
SKLMS1_SOFT_TISSUE,0.0,0.0,0.0,0.0,0.0,0.0,0.897120275
SKMEL30_SKIN,0.0,0.0,0.0,1.0,0.0,1.0,0.656521285
SKMES1_LUNG,0.0,0.0,0.0,0.0,0.0,0.0,0.95145137
SKOV3_OVARY,0.0,1.0,0.0,0.0,0.0,0.0,0.9644071750000001
SNU16_STOMACH,0.0,0.0,0.0,1.0,1.0,0.0,0.991401665
SNU1_STOMACH,0.0,0.0,0.0,1.0,1.0,0.0,0.7906521449999999
SNU387_LIVER,0.0,0.0,1.0,0.0,0.0,1.0,0.74137422
SNU423_LIVER,0.0,0.0,0.0,0.0,0.0,0.0,0.95091203
SNU475_LIVER,0.0,0.0,1.0,0.0,0.0,0.0,0.9903253599999999
SW900_LUNG,0.0,0.0,0.0,0.0,1.0,0.0,0.9074311133333334
T24_URINARY_TRACT,0.0,0.0,0.0,0.0,0.0,0.0,0.95101734
TE11_OESOPHAGUS,0.0,0.0,1.0,0.0,0.0,0.0,0.989994015
TE5_OESOPHAGUS,0.0,0.0,0.0,0.0,0.0,0.0,0.9778186099999999
U2OS_BONE,0.0,0.0,0.0,0.0,0.0,0.0,0.9810560399999999
U87MG_CENTRAL_NERVOUS_SYSTEM,0.0,0.0,0.0,0.0,0.0,0.0,0.98318194
UACC257_SKIN,0.0,0.0,0.0,1.0,0.0,0.0,0.7657997766666668
769P_KIDNEY,0.0,0.0,0.0,0.0,0.0,0.0,0.82258668
8305C_THYROID,0.0,0.0,0.0,1.0,0.0,0.0,0.9416325600000001
A101D_SKIN,0.0,0.0,0.0,1.0,0.0,0.0,0.8409997549999999
A2058_SKIN,1.0,0.0,0.0,1.0,0.0,0.0,0.982693595
A3KAW_HAEMATOPOIETIC_AND_LYMPHOID_TISSUE,0.0,0.0,0.0,0.0,0.0,0.0,0.72745675
A704_KIDNEY,0.0,0.0,0.0,0.0,0.0,0.0,0.9383685549999999
ABC1_LUNG,0.0,0.0,0.0,0.0,0.0,0.0,0.8800146600000001
ACHN_KIDNEY,0.0,0.0,0.0,0.0,0.0,0.0,0.94429657
AN3CA_ENDOMETRIUM,0.0,0.0,0.0,0.0,0.0,0.0,0.96980742
AU565_BREAST,0.0,1.0,0.0,0.0,0.0,0.0,0.983045445
BFTC909_KIDNEY,0.0,0.0,0.0,0.0,0.0,0.0,0.9783158599999999
BT20_BREAST,1.0,0.0,0.0,0.0,0.0,0.0,0.98376973
BT474_BREAST,0.0,1.0,0.0,0.0,0.0,0.0,0.9469755766666667
BT483_BREAST,0.0,0.0,0.0,0.0,0.0,0.0,0.9726699050000001
CAL120_BREAST,0.0,0.0,0.0,0.0,0.0,0.0,0.9680297099999999
CAL51_BREAST,0.0,0.0,0.0,0.0,0.0,0.0,0.990818655
CAL54_KIDNEY,0.0,0.0,0.0,0.0,0.0,0.0,0.8641796100000001
CAL851_BREAST,1.0,0.0,0.0,0.0,0.0,0.0,0.79441911
CALU6_LUNG,0.0,0.0,0.0,0.0,1.0,0.0,0.5285571166666666
CAMA1_BREAST,0.0,0.0,0.0,0.0,0.0,0.0,0.9689692050000001
CAOV3_OVARY,0.0,0.0,0.0,0.0,0.0,0.0,0.969362535
CAPAN1_PANCREAS,0.0,0.0,0.0,0.0,1.0,0.0,0.88010531
CAS1_CENTRAL_NERVOUS_SYSTEM,0.0,0.0,0.0,0.0,0.0,0.0,0.91883952
CCK81_LARGE_INTESTINE,0.0,0.0,0.0,1.0,0.0,0.0,0.85145967
CHAGOK1_LUNG,1.0,0.0,0.0,0.0,0.0,0.0,0.98033349
COLO829_SKIN,0.0,0.0,0.0,1.0,0.0,0.0,0.857261445
DANG_PANCREAS,0.0,0.0,0.0,0.0,1.0,0.0,0.98260824
DETROIT562_UPPER_AERODIGESTIVE_TRACT,0.0,0.0,0.0,0.0,0.0,0.0,0.98464777
DU4475_BREAST,0.0,0.0,0.0,1.0,0.0,0.0,0.285345745
EBC1_LUNG,0.0,0.0,0.0,0.0,0.0,0.0,0.9016213166666667
EFM192A_BREAST,0.0,1.0,0.0,0.0,0.0,0.0,0.962738355
EFM19_BREAST,0.0,0.0,0.0,0.0,0.0,0.0,0.9747023499999999
EFO21_OVARY,0.0,0.0,0.0,0.0,0.0,0.0,0.9766712833333333
EOL1_HAEMATOPOIETIC_AND_LYMPHOID_TISSUE,0.0,0.0,0.0,0.0,0.0,0.0,0.75805906
ES2_OVARY,0.0,0.0,1.0,1.0,0.0,0.0,0.8549812666666666
FUOV1_OVARY,0.0,0.0,0.0,0.0,0.0,0.0,0.9043161933333334
GAMG_CENTRAL_NERVOUS_SYSTEM,0.0,0.0,0.0,0.0,0.0,0.0,0.948308835
GB1_CENTRAL_NERVOUS_SYSTEM,0.0,0.0,0.0,0.0,0.0,0.0,0.787581675
GI1_CENTRAL_NERVOUS_SYSTEM,1.0,0.0,0.0,0.0,0.0,0.0,0.9723224749999999
H4_CENTRAL_NERVOUS_SYSTEM,0.0,0.0,0.0,0.0,0.0,0.0,0.98214986
HCC1187_BREAST,0.0,0.0,0.0,0.0,0.0,0.0,0.97868939
HCC1419_BREAST,0.0,1.0,0.0,0.0,0.0,0.0,0.97933658
HCC1428_BREAST,0.0,0.0,0.0,0.0,0.0,0.0,0.98682762
HCC1500_BREAST,0.0,0.0,1.0,0.0,0.0,0.0,0.98245746
HCC1569_BREAST,0.0,1.0,0.0,0.0,0.0,0.0,0.9764127650000001
HCC1599_BREAST,0.0,0.0,0.0,0.0,0.0,0.0,0.9489059900000001
HCC1937_BREAST,0.0,0.0,0.0,0.0,0.0,0.0,0.98480935
HCC1954_BREAST,0.0,1.0,1.0,0.0,0.0,0.0,0.9846586749999999
HCC202_BREAST,0.0,1.0,0.0,0.0,0.0,0.0,0.9453543449999999
HCC2157_BREAST,0.0,0.0,0.0,0.0,0.0,0.0,0.98709796
HCC38_BREAST,0.0,0.0,0.0,0.0,0.0,0.0,0.9797786749999999
HCC70_BREAST,1.0,0.0,0.0,0.0,0.0,0.0,0.921001975
HCC827_LUNG,0.0,0.0,0.0,0.0,0.0,0.0,0.981013395
HDQP1_BREAST,0.0,0.0,0.0,0.0,0.0,0.0,0.98431927
HPAC_PANCREAS,0.0,0.0,0.0,0.0,1.0,0.0,0.58714114
HT115_LARGE_INTESTINE,0.0,0.0,0.0,1.0,0.0,0.0,0.97668376
HT1376_URINARY_TRACT,1.0,0.0,0.0,0.0,0.0,0.0,0.9855472133333333
HT144_SKIN,0.0,0.0,0.0,1.0,0.0,0.0,0.94823436
HUTU80_SMALL_INTESTINE,0.0,0.0,0.0,0.0,0.0,0.0,0.831423935
JHH1_LIVER,0.0,0.0,0.0,0.0,0.0,0.0,0.7683290700000001
JHH7_LIVER,0.0,0.0,1.0,0.0,0.0,0.0,0.9741535450000001
KALS1_CENTRAL_NERVOUS_SYSTEM,0.0,0.0,0.0,0.0,0.0,0.0,0.8925686500000001
KARPAS299_HAEMATOPOIETIC_AND_LYMPHOID_TISSUE,0.0,0.0,0.0,0.0,0.0,0.0,0.99222524
KLE_ENDOMETRIUM,0.0,0.0,0.0,0.0,0.0,0.0,0.9580753533333333
KM12_LARGE_INTESTINE,0.0,0.0,0.0,1.0,0.0,0.0,0.871167765
KNS81_CENTRAL_NERVOUS_SYSTEM,0.0,0.0,0.0,0.0,0.0,0.0,0.977921
KU1919_URINARY_TRACT,0.0,0.0,1.0,0.0,0.0,1.0,0.6091882900000001
KYM1_SOFT_TISSUE,0.0,0.0,0.0,0.0,0.0,0.0,0.991474485
KYSE520_OESOPHAGUS,0.0,0.0,0.0,0.0,0.0,0.0,0.946792445
KYSE70_OESOPHAGUS,0.0,0.0,0.0,0.0,0.0,0.0,0.982230835
LAMA84_HAEMATOPOIETIC_AND_LYMPHOID_TISSUE,0.0,0.0,0.0,0.0,0.0,0.0,0.66592915
LK2_LUNG,0.0,0.0,0.0,0.0,0.0,0.0,0.958073145
LN18_CENTRAL_NERVOUS_SYSTEM,0.0,0.0,0.0,0.0,0.0,0.0,0.993762645
LN229_CENTRAL_NERVOUS_SYSTEM,0.0,0.0,0.0,0.0,0.0,0.0,0.98004478
LOVO_LARGE_INTESTINE,0.0,0.0,0.0,0.0,1.0,0.0,0.898019305
LS180_LARGE_INTESTINE,0.0,0.0,0.0,1.0,1.0,0.0,0.89362995
LS411N_LARGE_INTESTINE,0.0,0.0,0.0,1.0,0.0,0.0,0.58142344
LS513_LARGE_INTESTINE,0.0,0.0,0.0,1.0,1.0,0.0,0.55712321
LU99_LUNG,0.0,0.0,0.0,0.0,1.0,0.0,0.962741
MCF7_BREAST,0.0,0.0,0.0,0.0,0.0,0.0,0.986560715
MDAMB157_BREAST,0.0,0.0,0.0,0.0,0.0,0.0,0.984524505
MDAMB175VII_BREAST,0.0,0.0,0.0,0.0,0.0,0.0,0.9180289833333334
MDAMB231_BREAST,0.0,0.0,0.0,1.0,1.0,0.0,0.985473065
MDAMB361_BREAST,0.0,1.0,0.0,1.0,0.0,0.0,0.980287785
MDAMB453_BREAST,0.0,0.0,0.0,0.0,0.0,0.0,0.97491379
MFE280_ENDOMETRIUM,0.0,0.0,0.0,0.0,0.0,0.0,0.9027770966666666
MFE319_ENDOMETRIUM,0.0,0.0,0.0,1.0,0.0,0.0,0.9694850766666666
MIAPACA2_PANCREAS,0.0,0.0,0.0,0.0,1.0,0.0,0.9815552
MKN1_STOMACH,0.0,0.0,0.0,0.0,0.0,0.0,0.98600307
MV411_HAEMATOPOIETIC_AND_LYMPHOID_TISSUE,0.0,0.0,0.0,0.0,0.0,0.0,0.984033995
NCIH1355_LUNG,0.0,0.0,0.0,0.0,1.0,0.0,0.96804903
NCIH1435_LUNG,0.0,0.0,0.0,0.0,0.0,0.0,0.9917163149999999
NCIH1693_LUNG,0.0,0.0,0.0,0.0,0.0,0.0,0.9140324333333334
NCIH1703_LUNG,0.0,0.0,0.0,0.0,0.0,0.0,0.978697325
NCIH1792_LUNG,0.0,0.0,0.0,0.0,1.0,0.0,0.82597248
NCIH1793_LUNG,0.0,0.0,0.0,0.0,0.0,0.0,0.9817524166666667
NCIH1869_LUNG,0.0,0.0,0.0,0.0,0.0,0.0,0.9596435566666667
NCIH1975_LUNG,0.0,0.0,0.0,0.0,0.0,0.0,0.9172814466666667
NCIH2030_LUNG,0.0,0.0,0.0,0.0,1.0,0.0,0.9392095566666666
NCIH2228_LUNG,1.0,0.0,0.0,0.0,0.0,0.0,0.96094903
NCIH226_LUNG,0.0,0.0,0.0,0.0,0.0,0.0,0.7973539199999999
NCIH23_LUNG,0.0,0.0,0.0,0.0,1.0,0.0,0.928189195
NCIH358_LUNG,0.0,0.0,0.0,0.0,1.0,0.0,0.793166855
NCIH460_LUNG,0.0,0.0,0.0,0.0,1.0,0.0,0.9435933400000001
NCIH520_LUNG,0.0,0.0,0.0,0.0,0.0,0.0,0.957204905
NCIH596_LUNG,1.0,0.0,0.0,0.0,0.0,0.0,0.9736871899999999
NCIH838_LUNG,0.0,0.0,0.0,0.0,0.0,0.0,0.982947595
NIHOVCAR3_OVARY,0.0,0.0,0.0,0.0,0.0,0.0,0.98536305
OAW42_OVARY,0.0,0.0,0.0,0.0,0.0,0.0,0.9833952499999999
OE19_OESOPHAGUS,0.0,1.0,0.0,0.0,0.0,0.0,0.986196745
OSRC2_KIDNEY,0.0,0.0,0.0,0.0,0.0,0.0,0.952934355
OV56_OVARY,0.0,0.0,0.0,0.0,1.0,0.0,0.98007104
OV7_OVARY,1.0,0.0,0.0,0.0,1.0,0.0,0.96810297
OVCAR4_OVARY,0.0,0.0,0.0,0.0,0.0,0.0,0.90575486
OVCAR8_OVARY,0.0,0.0,0.0,0.0,1.0,0.0,0.865579565
OVK18_OVARY,0.0,0.0,0.0,0.0,1.0,0.0,0.905769185
PANC0327_PANCREAS,0.0,0.0,0.0,0.0,1.0,0.0,0.9212917350000001
PANC1005_PANCREAS,0.0,0.0,0.0,0.0,1.0,0.0,0.8711326433333332
PATU8988T_PANCREAS,0.0,0.0,0.0,0.0,1.0,0.0,0.955342425
QGP1_PANCREAS,0.0,0.0,0.0,0.0,1.0,0.0,0.7470576233333333
RL952_ENDOMETRIUM,0.0,0.0,0.0,1.0,0.0,0.0,0.770300875
RMGI_OVARY,0.0,0.0,0.0,0.0,0.0,0.0,0.88825029
RPMI7951_SKIN,0.0,0.0,0.0,1.0,0.0,0.0,0.876866125
RPMI8226_HAEMATOPOIETIC_AND_LYMPHOID_TISSUE,0.0,0.0,0.0,0.0,1.0,0.0,0.9408385699999999
RVH421_SKIN,0.0,0.0,0.0,1.0,0.0,0.0,0.6878989766666667
SKLU1_LUNG,0.0,0.0,0.0,0.0,1.0,0.0,0.9557168
SKMEL24_SKIN,0.0,0.0,0.0,1.0,0.0,0.0,0.80020699
SKMEL2_SKIN,0.0,0.0,1.0,0.0,0.0,1.0,0.9866639999999999
SKMEL5_SKIN,0.0,0.0,1.0,1.0,0.0,0.0,0.9702406066666667
SKNAS_AUTONOMIC_GANGLIA,1.0,0.0,0.0,0.0,0.0,1.0,0.87594724
SKUT1_SOFT_TISSUE,1.0,0.0,0.0,0.0,0.0,0.0,0.98923289
SNU182_LIVER,0.0,0.0,0.0,0.0,0.0,0.0,0.984410895
SNU407_LARGE_INTESTINE,0.0,0.0,0.0,1.0,1.0,0.0,0.741609575
SNU449_LIVER,0.0,0.0,0.0,0.0,0.0,0.0,0.96332682
SUIT2_PANCREAS,0.0,0.0,0.0,0.0,1.0,0.0,0.606913305
SW1783_CENTRAL_NERVOUS_SYSTEM,1.0,0.0,0.0,0.0,0.0,0.0,0.9906764
SW1990_PANCREAS,0.0,0.0,0.0,0.0,1.0,0.0,0.97372488
SW48_LARGE_INTESTINE,0.0,0.0,0.0,0.0,0.0,0.0,0.8488504933333333
SW948_LARGE_INTESTINE,0.0,0.0,0.0,0.0,1.0,0.0,0.7869951399999999
T47D_BREAST,0.0,0.0,0.0,0.0,0.0,0.0,0.9472162850000001
T84_LARGE_INTESTINE,0.0,0.0,0.0,0.0,1.0,0.0,0.8456529700000001
TE1_OESOPHAGUS,1.0,0.0,0.0,1.0,0.0,0.0,0.9812784333333334
THP1_HAEMATOPOIETIC_AND_LYMPHOID_TISSUE,0.0,0.0,0.0,0.0,0.0,1.0,0.919272095
U251MG_CENTRAL_NERVOUS_SYSTEM,0.0,0.0,0.0,0.0,0.0,0.0,0.9327026600000001
UACC812_BREAST,0.0,1.0,0.0,0.0,0.0,0.0,0.9904443833333333
UACC893_BREAST,0.0,1.0,0.0,0.0,0.0,0.0,0.930192135
VMCUB1_URINARY_TRACT,0.0,0.0,0.0,0.0,0.0,0.0,0.980760635
201T_LUNG,0.0,0.0,0.0,0.0,0.0,0.0,0.966873
42MGBA_CENTRAL_NERVOUS_SYSTEM,1.0,0.0,0.0,0.0,0.0,0.0,0.982969945
639V_URINARY_TRACT,1.0,0.0,0.0,0.0,1.0,1.0,0.9857981266666668
647V_URINARY_TRACT,1.0,0.0,0.0,0.0,0.0,0.0,0.979901845
697_HAEMATOPOIETIC_AND_LYMPHOID_TISSUE,0.0,0.0,0.0,0.0,0.0,1.0,0.9431693600000001
8505C_THYROID,0.0,0.0,0.0,1.0,0.0,0.0,0.847901915
8MGBA_CENTRAL_NERVOUS_SYSTEM,0.0,0.0,0.0,0.0,0.0,0.0,0.975638345
A172_CENTRAL_NERVOUS_SYSTEM,1.0,0.0,0.0,0.0,0.0,0.0,0.9886394333333334
A388_SKIN,0.0,0.0,0.0,0.0,0.0,0.0,0.98120341
A498_KIDNEY,0.0,0.0,0.0,0.0,0.0,0.0,0.9749473
ALLPO_HAEMATOPOIETIC_AND_LYMPHOID_TISSUE,0.0,0.0,0.0,0.0,0.0,0.0,0.815344
AM38_CENTRAL_NERVOUS_SYSTEM,0.0,0.0,0.0,1.0,0.0,0.0,0.780933375
ARH77_HAEMATOPOIETIC_AND_LYMPHOID_TISSUE,0.0,0.0,0.0,0.0,0.0,0.0,0.943608
ASH3_THYROID,0.0,0.0,0.0,0.0,0.0,1.0,0.98774552
ASPC1_PANCREAS,0.0,0.0,0.0,0.0,1.0,0.0,0.7861900266666666
BB65RCC_KIDNEY,0.0,0.0,0.0,0.0,0.0,0.0,0.9642120000000001
BC1_HAEMATOPOIETIC_AND_LYMPHOID_TISSUE,0.0,0.0,0.0,0.0,0.0,0.0,0.94929
BC3_HAEMATOPOIETIC_AND_LYMPHOID_TISSUE,1.0,0.0,0.0,0.0,0.0,0.0,0.8994850000000001
BCPAP_THYROID,0.0,0.0,0.0,1.0,0.0,0.0,0.87072182
BE13_HAEMATOPOIETIC_AND_LYMPHOID_TISSUE,0.0,0.0,0.0,0.0,0.0,0.0,0.8514639999999999
BECKER_CENTRAL_NERVOUS_SYSTEM,0.0,0.0,0.0,0.0,0.0,0.0,0.9474035300000001
BEN_LUNG,0.0,0.0,0.0,0.0,0.0,0.0,0.977498855
BFTC905_URINARY_TRACT,0.0,0.0,0.0,0.0,0.0,1.0,0.8197424000000001
BHT101_THYROID,0.0,0.0,0.0,1.0,0.0,0.0,0.61418244
BHY_UPPER_AERODIGESTIVE_TRACT,0.0,0.0,1.0,1.0,0.0,0.0,0.901405505
BICR10_UPPER_AERODIGESTIVE_TRACT,0.0,0.0,0.0,1.0,0.0,0.0,0.984985665
BICR22_UPPER_AERODIGESTIVE_TRACT,0.0,0.0,1.0,0.0,0.0,0.0,0.9713811649999999
BPH1_PROSTATE,0.0,0.0,0.0,0.0,0.0,0.0,0.589565415
BV173_HAEMATOPOIETIC_AND_LYMPHOID_TISSUE,0.0,0.0,0.0,0.0,0.0,0.0,0.9640934299999999
BXPC3_PANCREAS,0.0,0.0,0.0,1.0,0.0,0.0,0.900621305
C32_SKIN,0.0,0.0,0.0,1.0,0.0,0.0,0.92900056
C33A_CERVIX,1.0,0.0,0.0,1.0,0.0,0.0,0.8819602550000001
C3A_LIVER,0.0,0.0,0.0,0.0,0.0,1.0,0.988333055
C4I_CERVIX,0.0,0.0,0.0,0.0,0.0,0.0,0.98481324
CA46_HAEMATOPOIETIC_AND_LYMPHOID_TISSUE,0.0,0.0,0.0,0.0,0.0,0.0,0.92625413
CAL12T_LUNG,1.0,0.0,0.0,1.0,0.0,0.0,0.86878111
CAL148_BREAST,0.0,0.0,0.0,0.0,0.0,0.0,0.9884229099999999
CAL29_URINARY_TRACT,0.0,0.0,1.0,0.0,0.0,0.0,0.9650274000000001
CAL33_UPPER_AERODIGESTIVE_TRACT,0.0,0.0,0.0,0.0,0.0,0.0,0.970780525
CAL62_THYROID,0.0,0.0,0.0,0.0,1.0,0.0,0.92096271
CAL72_BONE,0.0,0.0,0.0,0.0,0.0,0.0,0.984329655
CAL78_BONE,0.0,0.0,0.0,0.0,0.0,0.0,0.985371905
CAOV4_OVARY,0.0,0.0,0.0,0.0,0.0,0.0,0.8531211599999999
CAPAN2_PANCREAS,0.0,0.0,0.0,0.0,1.0,0.0,0.94059194
CASKI_CERVIX,0.0,0.0,0.0,0.0,0.0,0.0,0.961231935
CCRFCEM_HAEMATOPOIETIC_AND_LYMPHOID_TISSUE,0.0,0.0,0.0,0.0,1.0,0.0,0.9274090500000001
CESS_HAEMATOPOIETIC_AND_LYMPHOID_TISSUE,0.0,0.0,0.0,0.0,0.0,0.0,0.852841
CFPAC1_PANCREAS,0.0,0.0,0.0,0.0,1.0,0.0,0.92763321
CGTHW1_THYROID,0.0,0.0,0.0,0.0,0.0,0.0,0.98604048
CHL1_SKIN,0.0,0.0,0.0,0.0,0.0,0.0,0.94555246
CHP126_AUTONOMIC_GANGLIA,0.0,0.0,0.0,0.0,0.0,0.0,0.987184985
CHP134_AUTONOMIC_GANGLIA,0.0,0.0,0.0,0.0,0.0,0.0,0.97878893
CHSA0011_BONE,0.0,0.0,0.0,0.0,0.0,0.0,0.9598389999999999
CHSA0108_BONE,0.0,0.0,0.0,0.0,0.0,0.0,0.873778
CHSA8926_BONE,0.0,0.0,0.0,0.0,0.0,0.0,0.889532
COLO205_LARGE_INTESTINE,0.0,0.0,0.0,1.0,0.0,0.0,0.674734605
COLO320_LARGE_INTESTINE,0.0,0.0,0.0,0.0,0.0,0.0,0.974096
COLO678_LARGE_INTESTINE,0.0,0.0,0.0,0.0,1.0,0.0,0.9686707800000001
COLO679_SKIN,0.0,0.0,0.0,1.0,0.0,0.0,0.8951471233333333
COLO680N_OESOPHAGUS,0.0,0.0,0.0,0.0,0.0,0.0,0.9852656150000001
COLO684_ENDOMETRIUM,1.0,0.0,0.0,0.0,0.0,0.0,0.9201503050000001
COLO792_SKIN,0.0,0.0,0.0,0.0,0.0,0.0,0.98519004
COLO800_SKIN,0.0,0.0,0.0,1.0,0.0,0.0,0.974540615
CORL105_LUNG,0.0,0.0,0.0,0.0,0.0,0.0,0.8047209566666668
CORL303_LUNG,1.0,0.0,0.0,0.0,0.0,0.0,0.9790139999999999
CP50MELB_SKIN,0.0,0.0,0.0,1.0,0.0,0.0,0.851432
CP66MEL_SKIN,0.0,0.0,0.0,0.0,0.0,1.0,0.9370639999999999
CPCN_LUNG,1.0,0.0,0.0,0.0,0.0,0.0,0.977478995
CS1_BONE,0.0,0.0,0.0,0.0,0.0,0.0,0.9541879999999999
CTB1_HAEMATOPOIETIC_AND_LYMPHOID_TISSUE,0.0,0.0,0.0,0.0,0.0,0.0,0.9484229999999999
CTV1_HAEMATOPOIETIC_AND_LYMPHOID_TISSUE,0.0,0.0,0.0,0.0,0.0,0.0,0.961651
CW2_LARGE_INTESTINE,0.0,0.0,0.0,0.0,1.0,0.0,0.938142405
DBTRG05MG_CENTRAL_NERVOUS_SYSTEM,0.0,0.0,0.0,1.0,0.0,0.0,0.897036405
DEL_HAEMATOPOIETIC_AND_LYMPHOID_TISSUE,0.0,0.0,0.0,0.0,0.0,0.0,0.922061515
DG75_HAEMATOPOIETIC_AND_LYMPHOID_TISSUE,0.0,0.0,0.0,0.0,0.0,0.0,0.982086
DJM1_SKIN,0.0,0.0,0.0,0.0,0.0,0.0,0.971535
DKMG_CENTRAL_NERVOUS_SYSTEM,0.0,0.0,0.0,0.0,0.0,0.0,0.92059001
DOTC24510_CERVIX,0.0,0.0,0.0,0.0,0.0,0.0,0.96791659
EB2_HAEMATOPOIETIC_AND_LYMPHOID_TISSUE,0.0,0.0,0.0,0.0,0.0,0.0,0.96290597
EB3_HAEMATOPOIETIC_AND_LYMPHOID_TISSUE,0.0,0.0,0.0,0.0,0.0,0.0,0.9195709999999999
ECC10_STOMACH,1.0,0.0,0.0,0.0,0.0,0.0,0.9134118499999999
ECGI10_OESOPHAGUS,0.0,0.0,0.0,0.0,0.0,0.0,0.97252983
EKVX_LUNG,0.0,0.0,0.0,0.0,0.0,0.0,0.932944915
EM2_HAEMATOPOIETIC_AND_LYMPHOID_TISSUE,0.0,0.0,0.0,0.0,0.0,0.0,0.78194166
EMCBAC1_LUNG,0.0,0.0,0.0,0.0,0.0,0.0,0.860607
EMCBAC2_LUNG,0.0,0.0,0.0,0.0,1.0,0.0,0.9782280000000001
EN_ENDOMETRIUM,0.0,0.0,0.0,1.0,0.0,0.0,0.962081065
EPLC272H_LUNG,0.0,0.0,1.0,0.0,0.0,0.0,0.89133147
ES1_BONE,0.0,0.0,0.0,0.0,0.0,0.0,0.9542280000000001
ES3_BONE,0.0,0.0,0.0,0.0,0.0,0.0,0.9599260000000001
ES4_BONE,0.0,0.0,0.0,0.0,0.0,0.0,0.958084
ES5_BONE,0.0,0.0,0.0,0.0,0.0,0.0,0.9139879999999999
ES6_BONE,0.0,0.0,0.0,0.0,0.0,0.0,0.9722379999999999
ES7_BONE,0.0,0.0,0.0,0.0,0.0,0.0,0.8329639999999999
ES8_BONE,0.0,0.0,0.0,0.0,0.0,0.0,0.914852
ETK1_BILIARY_TRACT,0.0,0.0,0.0,0.0,0.0,0.0,0.9345120000000001
EVSAT_BREAST,0.0,0.0,0.0,0.0,0.0,0.0,0.95479089
EW11_BONE,0.0,0.0,0.0,0.0,0.0,0.0,0.980102
EW13_BONE,0.0,0.0,0.0,0.0,0.0,0.0,0.9386260000000001
EW16_BONE,0.0,0.0,0.0,0.0,0.0,0.0,0.9720549999999999
EW18_BONE,0.0,0.0,0.0,0.0,0.0,0.0,0.9693459999999999
EW1_BONE,0.0,0.0,0.0,0.0,0.0,0.0,0.917003
EW24_BONE,0.0,0.0,0.0,0.0,0.0,0.0,0.9826360000000001
EW3_BONE,0.0,0.0,0.0,0.0,0.0,0.0,0.970241
EW7_BONE,0.0,0.0,0.0,0.0,0.0,0.0,0.9589780000000001
FARAGE_HAEMATOPOIETIC_AND_LYMPHOID_TISSUE,0.0,0.0,0.0,0.0,0.0,0.0,0.7192504200000001
FTC133_THYROID,1.0,0.0,0.0,0.0,0.0,0.0,0.977677095
G292CLONEA141B1_BONE,0.0,0.0,0.0,0.0,0.0,0.0,0.975921525
GAK_SKIN,0.0,0.0,0.0,0.0,0.0,1.0,0.8856459999999999
GCT_SOFT_TISSUE,0.0,0.0,0.0,1.0,0.0,0.0,0.9892655866666665
GMEL_SKIN,0.0,0.0,0.0,1.0,0.0,0.0,0.714709
GMS10_CENTRAL_NERVOUS_SYSTEM,1.0,0.0,0.0,0.0,0.0,0.0,0.987263335
GOTO_AUTONOMIC_GANGLIA,0.0,0.0,0.0,0.0,0.0,1.0,0.975418745
GP5D_LARGE_INTESTINE,0.0,0.0,0.0,1.0,1.0,0.0,0.917144225
GRST_HAEMATOPOIETIC_AND_LYMPHOID_TISSUE,1.0,0.0,0.0,1.0,1.0,0.0,0.938451
H9_HAEMATOPOIETIC_AND_LYMPHOID_TISSUE,0.0,0.0,0.0,0.0,0.0,1.0,0.684537
HA7RCC_KIDNEY,0.0,0.0,0.0,0.0,0.0,0.0,0.956808
HAL01_HAEMATOPOIETIC_AND_LYMPHOID_TISSUE,0.0,0.0,0.0,0.0,0.0,1.0,0.9290209999999999
HC1_HAEMATOPOIETIC_AND_LYMPHOID_TISSUE,0.0,0.0,0.0,0.0,0.0,0.0,0.907638
HCC1806_BREAST,0.0,0.0,0.0,0.0,0.0,0.0,0.91778742
HCC2218_BREAST,0.0,1.0,0.0,1.0,0.0,0.0,0.97184626
HCC2998_LARGE_INTESTINE,1.0,0.0,0.0,0.0,1.0,0.0,0.872880175
HCC56_LARGE_INTESTINE,0.0,0.0,0.0,0.0,1.0,0.0,0.81583023
HDLM2_HAEMATOPOIETIC_AND_LYMPHOID_TISSUE,0.0,0.0,0.0,0.0,0.0,0.0,0.9886455700000001
HDMYZ_HAEMATOPOIETIC_AND_LYMPHOID_TISSUE,0.0,0.0,0.0,0.0,0.0,1.0,0.89829702
HEC1_ENDOMETRIUM,0.0,0.0,0.0,0.0,1.0,0.0,0.9891916700000001
HELA_CERVIX,0.0,0.0,0.0,0.0,0.0,0.0,0.986404415
HH_HAEMATOPOIETIC_AND_LYMPHOID_TISSUE,0.0,0.0,0.0,0.0,0.0,0.0,0.8373910966666666
HL60_HAEMATOPOIETIC_AND_LYMPHOID_TISSUE,0.0,0.0,0.0,0.0,0.0,1.0,0.859810295
HLE_LIVER,0.0,0.0,0.0,0.0,0.0,0.0,0.97641583
HN_UPPER_AERODIGESTIVE_TRACT,0.0,0.0,0.0,0.0,0.0,0.0,0.98852664
HOP62_LUNG,0.0,0.0,0.0,0.0,1.0,0.0,0.972304885
HOP92_LUNG,0.0,0.0,0.0,0.0,0.0,0.0,0.97952087
HOS_BONE,0.0,0.0,0.0,0.0,0.0,0.0,0.9880272433333332
HPAFII_PANCREAS,0.0,0.0,0.0,0.0,1.0,0.0,0.686505205
HS445_HAEMATOPOIETIC_AND_LYMPHOID_TISSUE,0.0,0.0,0.0,0.0,0.0,0.0,0.957706
HS683_CENTRAL_NERVOUS_SYSTEM,0.0,0.0,0.0,0.0,0.0,0.0,0.98217024
HSC2_UPPER_AERODIGESTIVE_TRACT,0.0,0.0,0.0,0.0,0.0,0.0,0.9782585133333334
HSC39_STOMACH,0.0,0.0,0.0,0.0,0.0,0.0,0.990468
HT1080_SOFT_TISSUE,0.0,0.0,0.0,0.0,0.0,1.0,0.9860898300000001
HT1197_URINARY_TRACT,0.0,0.0,0.0,0.0,0.0,1.0,0.9600330966666667
HT3_CERVIX,1.0,0.0,0.0,0.0,0.0,0.0,0.9705157500000001
HTCC3_THYROID,0.0,0.0,0.0,1.0,0.0,0.0,0.782724575
HUCCT1_BILIARY_TRACT,1.0,0.0,0.0,0.0,1.0,0.0,0.9519614833333333
HUH7_LIVER,0.0,0.0,0.0,0.0,0.0,0.0,0.972489655
HUO3N1_BONE,0.0,0.0,0.0,0.0,0.0,0.0,0.9795860000000001
HUO9_BONE,1.0,0.0,0.0,0.0,0.0,0.0,0.984400605
HUPT3_PANCREAS,0.0,0.0,0.0,0.0,1.0,0.0,0.941408295
HUPT4_PANCREAS,0.0,0.0,0.0,0.0,1.0,0.0,0.71575361
IALM_LUNG,0.0,0.0,0.0,0.0,1.0,0.0,0.88546757
IGR1_SKIN,0.0,0.0,0.0,1.0,0.0,0.0,0.772416725
IHH4_THYROID,0.0,0.0,0.0,1.0,0.0,0.0,0.90113338
IPC298_SKIN,0.0,0.0,0.0,0.0,0.0,1.0,0.67271103
ISTMEL1_SKIN,0.0,0.0,0.0,1.0,0.0,0.0,0.9707520000000001
ISTMES1_PLEURA,0.0,0.0,0.0,0.0,0.0,0.0,0.9873035166666666
ISTSL1_LUNG,1.0,0.0,0.0,0.0,0.0,0.0,0.9712780000000001
J82_URINARY_TRACT,1.0,0.0,0.0,0.0,0.0,0.0,0.987750865
JEG3_PLACENTA,0.0,0.0,0.0,0.0,0.0,0.0,0.9910256749999999
JHH6_LIVER,0.0,0.0,0.0,0.0,0.0,0.0,0.9682099466666667
JHOS3_OVARY,0.0,0.0,0.0,0.0,0.0,0.0,0.893611
JIYOYEP2003_HAEMATOPOIETIC_AND_LYMPHOID_TISSUE,0.0,0.0,0.0,0.0,0.0,0.0,0.9794450000000001
JSC1_HAEMATOPOIETIC_AND_LYMPHOID_TISSUE,0.0,0.0,0.0,0.0,0.0,1.0,0.612554
JVM2_HAEMATOPOIETIC_AND_LYMPHOID_TISSUE,0.0,0.0,0.0,0.0,0.0,0.0,0.9408068949999999
JVM3_HAEMATOPOIETIC_AND_LYMPHOID_TISSUE,0.0,0.0,0.0,1.0,0.0,0.0,0.797113465
K2_SKIN,0.0,0.0,0.0,1.0,0.0,0.0,0.764483
K5_THYROID,0.0,0.0,0.0,1.0,0.0,0.0,0.985982
KARPAS422_HAEMATOPOIETIC_AND_LYMPHOID_TISSUE,0.0,0.0,0.0,0.0,0.0,0.0,0.9869698266666668
KARPAS45_HAEMATOPOIETIC_AND_LYMPHOID_TISSUE,0.0,0.0,0.0,0.0,0.0,0.0,0.953073
KE37_HAEMATOPOIETIC_AND_LYMPHOID_TISSUE,0.0,0.0,0.0,0.0,0.0,1.0,0.9317382
KELLY_AUTONOMIC_GANGLIA,0.0,0.0,0.0,0.0,0.0,0.0,0.9106088766666667
KG1_HAEMATOPOIETIC_AND_LYMPHOID_TISSUE,0.0,0.0,0.0,0.0,0.0,0.0,0.93071143
KGN_OVARY,0.0,0.0,0.0,0.0,0.0,0.0,0.865643
KMH2_HAEMATOPOIETIC_AND_LYMPHOID_TISSUE,0.0,0.0,0.0,0.0,0.0,0.0,0.96897178
KMOE2_HAEMATOPOIETIC_AND_LYMPHOID_TISSUE,0.0,0.0,0.0,1.0,0.0,1.0,0.647354
KMRC1_KIDNEY,0.0,0.0,0.0,0.0,0.0,0.0,0.9000034333333334
KMRC20_KIDNEY,0.0,0.0,0.0,0.0,0.0,0.0,0.98892885
KNS42_CENTRAL_NERVOUS_SYSTEM,0.0,0.0,0.0,0.0,0.0,0.0,0.9732814766666666
KON_UPPER_AERODIGESTIVE_TRACT,0.0,0.0,0.0,0.0,0.0,0.0,0.983705625
KP3_PANCREAS,0.0,0.0,0.0,0.0,1.0,0.0,0.9461489833333333
KP4_PANCREAS,0.0,0.0,0.0,0.0,1.0,0.0,0.9883512233333334
KPNYN_AUTONOMIC_GANGLIA,0.0,0.0,0.0,0.0,0.0,0.0,0.979387695
KS1_CENTRAL_NERVOUS_SYSTEM,0.0,0.0,0.0,0.0,0.0,0.0,0.908250585
KU812_HAEMATOPOIETIC_AND_LYMPHOID_TISSUE,0.0,0.0,0.0,0.0,0.0,0.0,0.90790158
KURAMOCHI_OVARY,0.0,0.0,0.0,0.0,0.0,0.0,0.9270807400000001
KY821_HAEMATOPOIETIC_AND_LYMPHOID_TISSUE,0.0,0.0,0.0,0.0,0.0,1.0,0.90525
KYAE1_OESOPHAGUS,0.0,1.0,0.0,0.0,0.0,0.0,0.919683125
KYSE150_OESOPHAGUS,0.0,0.0,0.0,0.0,0.0,0.0,0.9767591566666667
KYSE270_OESOPHAGUS,0.0,0.0,0.0,0.0,0.0,0.0,0.94529423
KYSE510_OESOPHAGUS,0.0,0.0,1.0,0.0,0.0,0.0,0.984347725
L363_HAEMATOPOIETIC_AND_LYMPHOID_TISSUE,0.0,0.0,0.0,0.0,0.0,1.0,0.968091865
L428_HAEMATOPOIETIC_AND_LYMPHOID_TISSUE,0.0,0.0,0.0,0.0,0.0,0.0,0.9925842033333335
L540_HAEMATOPOIETIC_AND_LYMPHOID_TISSUE,0.0,0.0,0.0,0.0,0.0,0.0,0.98201372
LAN6_AUTONOMIC_GANGLIA,0.0,0.0,0.0,0.0,1.0,0.0,0.933549505
LB1047RCC_KIDNEY,0.0,0.0,0.0,0.0,0.0,0.0,0.9440430000000001
LB2241RCC_KIDNEY,0.0,0.0,0.0,0.0,0.0,0.0,0.9751540000000001
LB2518MEL_SKIN,0.0,0.0,0.0,0.0,0.0,1.0,0.8272639999999999
LB373MELD_SKIN,0.0,0.0,0.0,0.0,0.0,1.0,0.922528
LB996RCC_KIDNEY,0.0,0.0,0.0,0.0,0.0,0.0,0.979582
LC1SQSF_LUNG,0.0,0.0,0.0,0.0,0.0,0.0,0.982253
LC2AD_LUNG,0.0,0.0,0.0,0.0,0.0,0.0,0.782647
LC41_HAEMATOPOIETIC_AND_LYMPHOID_TISSUE,0.0,0.0,0.0,0.0,0.0,0.0,0.878124
LCLC103H_LUNG,0.0,0.0,0.0,0.0,0.0,0.0,0.9844656766666667
LCLC97TM1_LUNG,0.0,0.0,0.0,0.0,1.0,0.0,0.76572968
LOUCY_HAEMATOPOIETIC_AND_LYMPHOID_TISSUE,0.0,0.0,0.0,0.0,0.0,0.0,0.99112431
LOUNH91_LUNG,0.0,0.0,0.0,0.0,0.0,0.0,0.9854240266666667
LS1034_LARGE_INTESTINE,0.0,0.0,0.0,0.0,1.0,0.0,0.68077983
LS123_LARGE_INTESTINE,0.0,0.0,0.0,0.0,1.0,0.0,0.9263385550000001
LU135_LUNG,0.0,0.0,0.0,0.0,0.0,0.0,0.9754202750000001
LU65_LUNG,1.0,0.0,0.0,0.0,1.0,0.0,0.7965325750000001
LXF289_LUNG,0.0,0.0,0.0,0.0,0.0,0.0,0.98223327
M059J_CENTRAL_NERVOUS_SYSTEM,0.0,0.0,0.0,0.0,0.0,0.0,0.9400707
M14_SKIN,0.0,0.0,0.0,1.0,0.0,0.0,0.585637
MC116_HAEMATOPOIETIC_AND_LYMPHOID_TISSUE,0.0,0.0,0.0,0.0,0.0,0.0,0.979299165
MCCAR_HAEMATOPOIETIC_AND_LYMPHOID_TISSUE,0.0,0.0,0.0,0.0,0.0,0.0,0.913529
MDAMB330_BREAST,0.0,1.0,1.0,0.0,0.0,0.0,0.9858608200000001
MDAMB468_BREAST,0.0,0.0,0.0,0.0,0.0,0.0,0.96332622
MDST8_LARGE_INTESTINE,0.0,0.0,0.0,1.0,0.0,0.0,0.86081202
ME180_CERVIX,0.0,0.0,0.0,0.0,0.0,0.0,0.96919621
MEG01_HAEMATOPOIETIC_AND_LYMPHOID_TISSUE,0.0,0.0,0.0,0.0,0.0,0.0,0.568226635
MELJUSO_SKIN,0.0,0.0,0.0,0.0,0.0,1.0,0.74530367
MESSA_SOFT_TISSUE,0.0,0.0,0.0,0.0,0.0,0.0,0.99040512
MEWO_SKIN,0.0,0.0,0.0,0.0,0.0,0.0,0.9845574466666666
MFHINO_SOFT_TISSUE,0.0,0.0,0.0,0.0,0.0,1.0,0.9568700000000001
MG63_BONE,0.0,0.0,0.0,0.0,0.0,0.0,0.9824168033333334
MHHES1_BONE,0.0,0.0,0.0,0.0,0.0,0.0,0.9419663866666667
MHHNB11_AUTONOMIC_GANGLIA,0.0,0.0,0.0,0.0,0.0,0.0,0.8929923049999999
MHHPREB1_HAEMATOPOIETIC_AND_LYMPHOID_TISSUE,0.0,0.0,0.0,0.0,0.0,0.0,0.951458
MKN28_STOMACH,0.0,0.0,0.0,0.0,0.0,0.0,0.910899
ML1_THYROID,0.0,0.0,0.0,0.0,0.0,0.0,0.9700410799999999
ML2_HAEMATOPOIETIC_AND_LYMPHOID_TISSUE,0.0,0.0,0.0,0.0,1.0,0.0,0.719308
MLMA_HAEMATOPOIETIC_AND_LYMPHOID_TISSUE,0.0,0.0,0.0,0.0,0.0,0.0,0.9077700000000001
MN60_HAEMATOPOIETIC_AND_LYMPHOID_TISSUE,0.0,0.0,0.0,0.0,0.0,0.0,0.985893
MOGGCCM_CENTRAL_NERVOUS_SYSTEM,1.0,0.0,0.0,0.0,0.0,0.0,0.9515911433333334
MOGGUVW_CENTRAL_NERVOUS_SYSTEM,0.0,0.0,0.0,0.0,0.0,0.0,0.98570304
MOLT13_HAEMATOPOIETIC_AND_LYMPHOID_TISSUE,0.0,0.0,0.0,0.0,0.0,1.0,0.7806152099999999
MOLT4_HAEMATOPOIETIC_AND_LYMPHOID_TISSUE,0.0,0.0,0.0,0.0,0.0,1.0,0.9648917100000001
MONOMAC6_HAEMATOPOIETIC_AND_LYMPHOID_TISSUE,0.0,0.0,0.0,0.0,0.0,0.0,0.937327765
MPP89_PLEURA,1.0,0.0,0.0,0.0,0.0,0.0,0.9430877466666668
MRKNU1_BREAST,0.0,0.0,0.0,0.0,0.0,0.0,0.9740840000000001
MS751_CERVIX,0.0,0.0,0.0,0.0,0.0,0.0,0.9870853350000001
MYM12_HAEMATOPOIETIC_AND_LYMPHOID_TISSUE,0.0,0.0,0.0,0.0,0.0,0.0,0.779964
MZ1PC_PANCREAS,0.0,0.0,0.0,0.0,1.0,0.0,0.402344
MZ2MEL_SKIN,0.0,0.0,0.0,0.0,0.0,1.0,0.743062
MZ7MEL_SKIN,0.0,0.0,0.0,1.0,0.0,0.0,0.535349
NALM6_HAEMATOPOIETIC_AND_LYMPHOID_TISSUE,0.0,0.0,0.0,0.0,0.0,1.0,0.63826576
NCC021_KIDNEY,0.0,0.0,0.0,0.0,0.0,0.0,0.9560879999999999
NCIH1155_LUNG,1.0,0.0,0.0,0.0,1.0,0.0,0.982591005
NCIH1304_LUNG,1.0,0.0,0.0,0.0,0.0,0.0,0.960275
NCIH1417_LUNG,1.0,0.0,0.0,0.0,0.0,0.0,0.94209093
NCIH1563_LUNG,0.0,0.0,0.0,0.0,0.0,0.0,0.9582787850000001
NCIH1568_LUNG,0.0,0.0,0.0,0.0,0.0,0.0,0.9758449199999999
NCIH1573_LUNG,0.0,0.0,0.0,0.0,1.0,1.0,0.9815514233333333
NCIH1581_LUNG,0.0,0.0,0.0,0.0,0.0,0.0,0.9716074000000001
NCIH1623_LUNG,0.0,0.0,0.0,0.0,0.0,0.0,0.973996065
NCIH1648_LUNG,0.0,0.0,0.0,0.0,0.0,0.0,0.8976975
NCIH1688_LUNG,0.0,0.0,0.0,0.0,0.0,0.0,0.974232
NCIH1734_LUNG,1.0,0.0,0.0,0.0,1.0,0.0,0.9829706999999999
NCIH1755_LUNG,0.0,0.0,0.0,1.0,0.0,0.0,0.44449857
NCIH1770_LUNG,1.0,0.0,0.0,0.0,0.0,0.0,0.7575106300000001
NCIH1781_LUNG,0.0,0.0,0.0,0.0,0.0,0.0,0.910547955
NCIH1838_LUNG,0.0,0.0,0.0,0.0,0.0,0.0,0.968770735
NCIH187_LUNG,0.0,0.0,0.0,0.0,0.0,0.0,0.9817782700000001
NCIH1993_LUNG,0.0,0.0,0.0,0.0,0.0,0.0,0.89770413
NCIH2009_LUNG,0.0,0.0,0.0,0.0,1.0,0.0,0.8998108149999999
NCIH2023_LUNG,0.0,0.0,0.0,0.0,0.0,0.0,0.9730344733333333
NCIH2085_LUNG,0.0,0.0,0.0,0.0,0.0,0.0,0.9556905166666666
NCIH2087_LUNG,1.0,0.0,0.0,1.0,0.0,1.0,0.8324256999999999
NCIH2110_LUNG,1.0,0.0,0.0,0.0,0.0,0.0,0.70994925
NCIH2135_LUNG,0.0,0.0,0.0,0.0,0.0,1.0,0.43641262000000003
NCIH2141_LUNG,1.0,0.0,0.0,0.0,0.0,0.0,0.9904921200000001
NCIH2291_LUNG,0.0,0.0,0.0,0.0,1.0,0.0,0.98373536
NCIH2342_LUNG,0.0,0.0,0.0,0.0,0.0,0.0,0.974766
NCIH2347_LUNG,0.0,0.0,0.0,0.0,1.0,1.0,0.969717775
NCIH2405_LUNG,0.0,0.0,0.0,1.0,0.0,0.0,0.88667169
NCIH2444_LUNG,0.0,0.0,0.0,0.0,1.0,0.0,0.9618324
NCIH2452_PLEURA,0.0,0.0,0.0,0.0,0.0,0.0,0.9843346
NCIH28_PLEURA,0.0,0.0,0.0,0.0,0.0,0.0,0.96899939
NCIH322_LUNG,0.0,0.0,0.0,0.0,0.0,0.0,0.92956
NCIH345_LUNG,0.0,0.0,0.0,0.0,0.0,0.0,0.989574865
NCIH441_LUNG,0.0,0.0,0.0,0.0,1.0,0.0,0.96538672
NCIH630_LARGE_INTESTINE,0.0,0.0,0.0,0.0,0.0,0.0,0.875732
NCIH64_LUNG,1.0,0.0,0.0,0.0,0.0,0.0,0.99441797
NCIH647_LUNG,0.0,0.0,0.0,0.0,1.0,0.0,0.959774935
NCIH716_LARGE_INTESTINE,0.0,0.0,0.0,0.0,1.0,0.0,0.903145095
NCIH720_LUNG,1.0,0.0,0.0,0.0,0.0,0.0,0.990748
NCIH727_LUNG,0.0,0.0,0.0,0.0,1.0,0.0,0.7433202050000001
NCIH748_LUNG,1.0,0.0,0.0,0.0,0.0,0.0,0.948042
NCIH810_LUNG,0.0,0.0,0.0,0.0,0.0,0.0,0.9623707599999999
NCIH847_LUNG,1.0,0.0,0.0,0.0,0.0,0.0,0.97451351
NEC8_TESTIS,0.0,0.0,0.0,0.0,0.0,0.0,0.8783059999999999
NH12_AUTONOMIC_GANGLIA,0.0,0.0,0.0,0.0,0.0,0.0,0.7186481
NKM1_HAEMATOPOIETIC_AND_LYMPHOID_TISSUE,0.0,0.0,0.0,0.0,0.0,0.0,0.881898
NMCG1_CENTRAL_NERVOUS_SYSTEM,0.0,0.0,0.0,1.0,0.0,0.0,0.949087365
NO10_CENTRAL_NERVOUS_SYSTEM,1.0,0.0,0.0,0.0,0.0,0.0,0.971669605
NO11_CENTRAL_NERVOUS_SYSTEM,1.0,0.0,0.0,0.0,0.0,0.0,0.97489574
NOMO1_HAEMATOPOIETIC_AND_LYMPHOID_TISSUE,0.0,0.0,0.0,0.0,1.0,0.0,0.800521075
NTERA2CLD1_TESTIS,0.0,0.0,0.0,0.0,0.0,0.0,0.9728180000000001
NUDUL1_HAEMATOPOIETIC_AND_LYMPHOID_TISSUE,0.0,0.0,0.0,0.0,1.0,0.0,0.91137457
NY_BONE,0.0,0.0,0.0,0.0,0.0,0.0,0.988431
OAW28_OVARY,0.0,0.0,0.0,0.0,0.0,0.0,0.815722455
OC314_OVARY,0.0,0.0,0.0,1.0,0.0,0.0,0.97558269
OCIAML2_HAEMATOPOIETIC_AND_LYMPHOID_TISSUE,0.0,0.0,0.0,0.0,0.0,0.0,0.47142371
OCIAML3_HAEMATOPOIETIC_AND_LYMPHOID_TISSUE,0.0,0.0,0.0,0.0,0.0,1.0,0.62580952
OCUBM_BREAST,0.0,1.0,0.0,0.0,0.0,0.0,0.949003
OE21_OESOPHAGUS,0.0,0.0,0.0,0.0,0.0,0.0,0.9607488000000001
OE33_OESOPHAGUS,0.0,1.0,0.0,0.0,0.0,0.0,0.9017889133333333
OMC1_CERVIX,0.0,0.0,0.0,0.0,0.0,0.0,0.959205
OSC19_UPPER_AERODIGESTIVE_TRACT,0.0,0.0,0.0,0.0,0.0,0.0,0.9635394150000001
OSC20_UPPER_AERODIGESTIVE_TRACT,0.0,0.0,0.0,0.0,0.0,0.0,0.959406755
OV17R_OVARY,0.0,0.0,0.0,0.0,0.0,0.0,0.952465105
OVCA420_OVARY,0.0,0.0,0.0,0.0,0.0,0.0,0.9268639999999999
OVCA433_OVARY,0.0,0.0,0.0,0.0,0.0,0.0,0.978891
OVCAR5_OVARY,0.0,0.0,0.0,0.0,1.0,0.0,0.919897775
OVISE_OVARY,0.0,0.0,0.0,0.0,0.0,0.0,0.956199665
OVKATE_OVARY,0.0,0.0,0.0,0.0,0.0,0.0,0.82472462
OVMIU_OVARY,1.0,0.0,0.0,0.0,0.0,0.0,0.789517
P12ICHIKAWA_HAEMATOPOIETIC_AND_LYMPHOID_TISSUE,0.0,0.0,0.0,1.0,0.0,1.0,0.9825847866666667
P31FUJ_HAEMATOPOIETIC_AND_LYMPHOID_TISSUE,1.0,0.0,0.0,0.0,0.0,1.0,0.985067255
P32ISH_HAEMATOPOIETIC_AND_LYMPHOID_TISSUE,0.0,0.0,0.0,0.0,0.0,0.0,0.9793200000000001
PA1_OVARY,0.0,0.0,0.0,0.0,0.0,1.0,0.98991147
PANC0813_PANCREAS,0.0,0.0,0.0,0.0,1.0,0.0,0.87830416
PECAPJ15_UPPER_AERODIGESTIVE_TRACT,0.0,0.0,1.0,0.0,0.0,0.0,0.9568329500000001
PEO1_OVARY,0.0,0.0,0.0,0.0,0.0,0.0,0.90184291
PFSK1_CENTRAL_NERVOUS_SYSTEM,0.0,0.0,0.0,0.0,0.0,0.0,0.98250836
PL18_PANCREAS,1.0,0.0,0.0,0.0,0.0,0.0,0.9466829999999999
PL4_PANCREAS,0.0,0.0,0.0,0.0,1.0,0.0,0.9689180000000001
PSN1_PANCREAS,0.0,0.0,0.0,0.0,1.0,0.0,0.20323249
QIMRWIL_HAEMATOPOIETIC_AND_LYMPHOID_TISSUE,0.0,0.0,0.0,0.0,0.0,0.0,0.9545879999999999
RAJI_HAEMATOPOIETIC_AND_LYMPHOID_TISSUE,0.0,0.0,0.0,0.0,0.0,0.0,0.9838194866666666
RAMOS2G64C10_HAEMATOPOIETIC_AND_LYMPHOID_TISSUE,0.0,0.0,0.0,0.0,0.0,0.0,0.970425
RCC10RGB_KIDNEY,0.0,0.0,0.0,0.0,0.0,0.0,0.914233445
RCCAB_KIDNEY,0.0,0.0,0.0,0.0,0.0,0.0,0.8544889999999999
RCCER_KIDNEY,0.0,0.0,0.0,0.0,0.0,0.0,0.973331
RCCFG2_KIDNEY,0.0,0.0,0.0,0.0,0.0,0.0,0.9592879999999999
RCCJF_KIDNEY,0.0,0.0,0.0,0.0,0.0,0.0,0.924794
RCCJW_KIDNEY,0.0,0.0,0.0,0.0,0.0,0.0,0.985884
RCCMF_KIDNEY,0.0,0.0,0.0,0.0,0.0,0.0,0.909589
RCK8_HAEMATOPOIETIC_AND_LYMPHOID_TISSUE,0.0,0.0,0.0,0.0,0.0,0.0,0.98810756
RCM1_LARGE_INTESTINE,0.0,0.0,0.0,0.0,1.0,0.0,0.85143947
RD_SOFT_TISSUE,0.0,0.0,0.0,0.0,0.0,1.0,0.70701068
REH_HAEMATOPOIETIC_AND_LYMPHOID_TISSUE,0.0,0.0,0.0,0.0,0.0,0.0,0.950070655
RERFLCKJ_LUNG,0.0,0.0,0.0,0.0,0.0,0.0,0.9739248899999999
RERFLCSQ1_LUNG,0.0,0.0,0.0,0.0,0.0,0.0,0.9703073249999999
RL_HAEMATOPOIETIC_AND_LYMPHOID_TISSUE,0.0,0.0,0.0,0.0,0.0,0.0,0.937515165
RO82W1_THYROID,0.0,0.0,0.0,0.0,0.0,0.0,0.982080775
ROS50_HAEMATOPOIETIC_AND_LYMPHOID_TISSUE,0.0,0.0,0.0,0.0,0.0,0.0,0.980550305
RPMI6666_HAEMATOPOIETIC_AND_LYMPHOID_TISSUE,0.0,0.0,0.0,0.0,0.0,0.0,0.8619062100000001
RPMI8866_HAEMATOPOIETIC_AND_LYMPHOID_TISSUE,0.0,0.0,0.0,0.0,0.0,0.0,0.859203
RS411_HAEMATOPOIETIC_AND_LYMPHOID_TISSUE,0.0,0.0,0.0,0.0,0.0,0.0,0.923463165
RT4_URINARY_TRACT,0.0,0.0,0.0,0.0,0.0,0.0,0.6921602466666666
RXF393_KIDNEY,0.0,0.0,0.0,0.0,0.0,0.0,0.845783
SAT_UPPER_AERODIGESTIVE_TRACT,0.0,0.0,0.0,0.0,0.0,0.0,0.8974676
SBC1_LUNG,1.0,0.0,0.0,0.0,0.0,0.0,0.9738959999999999
SBC3_LUNG,0.0,0.0,0.0,0.0,0.0,0.0,0.9113620000000001
SCC15_UPPER_AERODIGESTIVE_TRACT,0.0,0.0,1.0,0.0,0.0,0.0,0.95789352
SCC3_HAEMATOPOIETIC_AND_LYMPHOID_TISSUE,0.0,0.0,0.0,0.0,0.0,0.0,0.983781095
SCC9_UPPER_AERODIGESTIVE_TRACT,0.0,0.0,0.0,0.0,0.0,0.0,0.8332385600000001
SCH_STOMACH,0.0,0.0,0.0,0.0,0.0,0.0,0.9883559999999999
SF126_CENTRAL_NERVOUS_SYSTEM,0.0,0.0,0.0,0.0,0.0,0.0,0.9836837300000001
SF268_CENTRAL_NERVOUS_SYSTEM,0.0,0.0,0.0,0.0,0.0,0.0,0.9358475749999999
SF539_CENTRAL_NERVOUS_SYSTEM,1.0,0.0,0.0,0.0,0.0,0.0,0.9478501500000001
SH4_SKIN,0.0,0.0,0.0,1.0,0.0,0.0,0.61440023
SISO_CERVIX,1.0,0.0,0.0,0.0,1.0,0.0,0.98139301
SJRH30_SOFT_TISSUE,0.0,0.0,0.0,0.0,0.0,0.0,0.98643563
SJSA1_BONE,0.0,0.0,0.0,0.0,1.0,1.0,0.94034022
SKMEL1_SKIN,0.0,0.0,0.0,1.0,0.0,0.0,0.9211336649999999
SKMEL28_SKIN,0.0,0.0,0.0,1.0,0.0,0.0,0.823731615
SKMEL3_SKIN,0.0,0.0,0.0,1.0,0.0,0.0,0.84311683
SKMM2_HAEMATOPOIETIC_AND_LYMPHOID_TISSUE,0.0,0.0,0.0,0.0,0.0,0.0,0.9360239833333334
SKNDZ_AUTONOMIC_GANGLIA,1.0,0.0,0.0,0.0,0.0,0.0,0.9855452466666668
SKNFI_AUTONOMIC_GANGLIA,0.0,0.0,0.0,0.0,0.0,0.0,0.95753574
SKNSH_AUTONOMIC_GANGLIA,0.0,0.0,0.0,0.0,0.0,1.0,0.9792964866666667
SN12C_KIDNEY,0.0,0.0,0.0,0.0,0.0,0.0,0.9837299999999999
SNB75_CENTRAL_NERVOUS_SYSTEM,1.0,0.0,0.0,0.0,0.0,0.0,0.9500506499999999
SNU1040_LARGE_INTESTINE,1.0,0.0,0.0,1.0,0.0,0.0,0.852510155
SNU398_LIVER,0.0,0.0,0.0,0.0,0.0,0.0,0.82119927
SNU5_STOMACH,0.0,0.0,0.0,0.0,0.0,0.0,0.9887334249999999
SNU81_LARGE_INTESTINE,0.0,0.0,0.0,0.0,1.0,1.0,0.923199495
SNUC1_LARGE_INTESTINE,0.0,0.0,0.0,0.0,0.0,0.0,0.958868585
SNUC2B_LARGE_INTESTINE,0.0,0.0,0.0,0.0,1.0,0.0,0.81536403
SNUC5_LARGE_INTESTINE,0.0,0.0,0.0,1.0,0.0,0.0,0.8655815149999999
ST486_HAEMATOPOIETIC_AND_LYMPHOID_TISSUE,0.0,0.0,0.0,0.0,0.0,0.0,0.835532445
SU8686_PANCREAS,0.0,0.0,0.0,0.0,1.0,0.0,0.97575254
SUDHL16_HAEMATOPOIETIC_AND_LYMPHOID_TISSUE,0.0,0.0,0.0,0.0,0.0,0.0,0.864777
SUDHL1_HAEMATOPOIETIC_AND_LYMPHOID_TISSUE,0.0,0.0,0.0,0.0,0.0,0.0,0.99707689
SUPB15_HAEMATOPOIETIC_AND_LYMPHOID_TISSUE,0.0,0.0,0.0,0.0,0.0,0.0,0.868769315
SUPT1_HAEMATOPOIETIC_AND_LYMPHOID_TISSUE,0.0,0.0,0.0,0.0,0.0,0.0,0.9870740600000001
SW1088_CENTRAL_NERVOUS_SYSTEM,0.0,0.0,0.0,0.0,0.0,1.0,0.97939083
SW1116_LARGE_INTESTINE,0.0,0.0,0.0,0.0,1.0,0.0,0.9845755249999999
SW1417_LARGE_INTESTINE,0.0,0.0,0.0,1.0,0.0,0.0,0.8428682949999999
SW1463_LARGE_INTESTINE,0.0,0.0,0.0,0.0,1.0,0.0,0.910751695
SW1710_URINARY_TRACT,0.0,0.0,0.0,0.0,0.0,0.0,0.93688967
SW620_LARGE_INTESTINE,0.0,0.0,0.0,0.0,1.0,0.0,0.83017345
SW684_SOFT_TISSUE,0.0,0.0,0.0,0.0,0.0,0.0,0.982599
SW756_CERVIX,0.0,0.0,0.0,0.0,1.0,0.0,0.97814575
SW780_URINARY_TRACT,0.0,0.0,0.0,0.0,0.0,0.0,0.9514098366666667
SW837_LARGE_INTESTINE,0.0,0.0,0.0,0.0,1.0,0.0,0.79731809
SW872_SOFT_TISSUE,0.0,0.0,0.0,1.0,0.0,0.0,0.986883
SW962_VULVA,0.0,0.0,0.0,0.0,0.0,0.0,0.9481629999999999
T98G_CENTRAL_NERVOUS_SYSTEM,0.0,0.0,0.0,0.0,0.0,0.0,0.98562434
TALL1_HAEMATOPOIETIC_AND_LYMPHOID_TISSUE,0.0,0.0,0.0,0.0,0.0,1.0,0.941004755
TCCSUP_URINARY_TRACT,0.0,0.0,0.0,0.0,0.0,0.0,0.984667075
TE10_OESOPHAGUS,0.0,0.0,1.0,0.0,0.0,0.0,0.965806435
TE15_OESOPHAGUS,0.0,0.0,0.0,0.0,0.0,0.0,0.7292352
TE441T_SOFT_TISSUE,0.0,0.0,0.0,0.0,0.0,0.0,0.96258111
TE4_OESOPHAGUS,0.0,1.0,0.0,0.0,0.0,0.0,0.98553881
TE6_OESOPHAGUS,0.0,0.0,1.0,0.0,0.0,0.0,0.92676104
TE8_OESOPHAGUS,0.0,0.0,1.0,0.0,0.0,0.0,0.9466885650000001
TE9_OESOPHAGUS,0.0,0.0,1.0,0.0,0.0,0.0,0.976619955
TGBC11TKB_STOMACH,0.0,0.0,0.0,0.0,1.0,0.0,0.94943143
TGBC24TKB_BILIARY_TRACT,0.0,0.0,0.0,1.0,0.0,0.0,0.932063
TGW_AUTONOMIC_GANGLIA,0.0,0.0,0.0,0.0,0.0,0.0,0.988678515
TK_HAEMATOPOIETIC_AND_LYMPHOID_TISSUE,0.0,0.0,0.0,0.0,0.0,0.0,0.983736
TK10_KIDNEY,0.0,0.0,0.0,0.0,0.0,0.0,0.81043609
TMK1_STOMACH,0.0,0.0,0.0,0.0,0.0,0.0,0.964033
TOV112D_OVARY,0.0,0.0,0.0,0.0,0.0,0.0,0.8985171949999999
TT2609C02_THYROID,0.0,0.0,0.0,0.0,0.0,1.0,0.845040275
TUR_HAEMATOPOIETIC_AND_LYMPHOID_TISSUE,0.0,0.0,0.0,0.0,0.0,0.0,0.8925040000000001
U118MG_CENTRAL_NERVOUS_SYSTEM,0.0,0.0,0.0,0.0,0.0,0.0,0.9854303666666667
UACC62_SKIN,0.0,0.0,0.0,1.0,0.0,0.0,0.972725905
UMC11_LUNG,0.0,0.0,0.0,0.0,0.0,0.0,0.977243575
UMUC3_URINARY_TRACT,0.0,0.0,0.0,0.0,1.0,0.0,0.8449529400000001
UWB1289_OVARY,0.0,0.0,0.0,0.0,0.0,0.0,0.8973489450000001
VAESBJ_SOFT_TISSUE,0.0,0.0,0.0,0.0,0.0,0.0,0.984746385
VAL_HAEMATOPOIETIC_AND_LYMPHOID_TISSUE,0.0,0.0,0.0,0.0,0.0,0.0,0.94786345
VCAP_PROSTATE,0.0,0.0,0.0,0.0,0.0,0.0,0.98731905
VMRCMELG_SKIN,0.0,0.0,0.0,1.0,0.0,0.0,0.988100705
VMRCRCW_KIDNEY,0.0,0.0,0.0,0.0,0.0,0.0,0.966191735
VMRCRCZ_KIDNEY,0.0,0.0,0.0,0.0,0.0,0.0,0.961979355
WIL2NS_HAEMATOPOIETIC_AND_LYMPHOID_TISSUE,0.0,0.0,0.0,0.0,1.0,0.0,0.8862909999999999
WM115_SKIN,0.0,0.0,0.0,1.0,0.0,0.0,0.771803865
WM1552C_SKIN,0.0,0.0,0.0,1.0,0.0,0.0,0.987351
WM278_SKIN,0.0,0.0,0.0,1.0,0.0,0.0,0.693244
WM35_SKIN,0.0,0.0,0.0,1.0,0.0,0.0,0.65163
WSUNHL_HAEMATOPOIETIC_AND_LYMPHOID_TISSUE,0.0,0.0,0.0,1.0,0.0,0.0,0.5897792500000001
YAPC_PANCREAS,0.0,0.0,0.0,0.0,1.0,0.0,0.96656601
YH13_CENTRAL_NERVOUS_SYSTEM,0.0,0.0,0.0,0.0,0.0,0.0,0.986358675
YKG1_CENTRAL_NERVOUS_SYSTEM,0.0,0.0,0.0,0.0,0.0,0.0,0.96838818
YMB1E_BREAST,0.0,0.0,0.0,0.0,1.0,0.0,0.9722700000000001
YT_HAEMATOPOIETIC_AND_LYMPHOID_TISSUE,0.0,0.0,0.0,0.0,0.0,0.0,0.8859360000000001
DAUDI_HAEMATOPOIETIC_AND_LYMPHOID_TISSUE,1.0,0.0,0.0,0.0,1.0,0.0,0.97216899
HEL_HAEMATOPOIETIC_AND_LYMPHOID_TISSUE,0.0,0.0,0.0,0.0,0.0,0.0,0.95807007
HS633T_SOFT_TISSUE,0.0,0.0,0.0,0.0,1.0,0.0,0.872833
IGR37_SKIN,0.0,0.0,0.0,1.0,0.0,0.0,0.68000814
JHH2_LIVER,0.0,0.0,0.0,0.0,0.0,0.0,0.9103629133333334
JHH4_LIVER,0.0,0.0,0.0,0.0,0.0,0.0,0.93858769
NCIH1395_LUNG,0.0,0.0,0.0,1.0,0.0,0.0,0.9780911800000001
PC3JPC3_LUNG,0.0,0.0,0.0,0.0,0.0,0.0,0.95675
SW156_KIDNEY,0.0,0.0,0.0,0.0,0.0,0.0,0.9810117549999999
SKNBE2_AUTONOMIC_GANGLIA,0.0,0.0,0.0,0.0,0.0,0.0,0.981857
